Job ID,Job URL,Job Title,Company Name,Status,Timestamp,WP ID
f5ffc3511e98013a,https://bj.linkedin.com/jobs/view/what-you-do-is-who-you-are-at-%CE%B2%CE%B9%CE%B2%CE%BB%CE%B9%CE%BF%CF%80%CF%89%CE%BB%CE%B5%CE%AF%CE%B1-%CE%B5%CF%85%CF%81%CE%B9%CF%80%CE%AF%CE%B4%CE%B7%CF%82-evripidis-bookstores-4436477735,What You Do Is Who You Are,,scraped,2026-07-06T23:54:48.279157,
89ca89c3c6f93e48,https://bj.linkedin.com/jobs/view/conducteur-de-v%C3%A9hicule-administratif-at-jsi-4437458470,Conducteur de Véhicule Administratif,JSI,posted,2026-07-06T23:55:05.021901,23
54078561d93da999,https://bj.linkedin.com/jobs/view/associate-corporate-services-at-ebrd-4437198786,"Associate, Corporate Services",EBRD,posted,2026-07-06T23:55:17.426186,25
881e558caedc7365,https://bj.linkedin.com/jobs/view/responsable-de-la-planification-budg%C3%A9taire-pays-at-technoserve-4433716054,Responsable de la planification budgétaire pays,TechnoServe,posted,2026-07-06T23:55:26.144857,27
ec63b57c4cef58c2,https://bj.linkedin.com/jobs/view/facilities-maintenance-supervisor-at-city-of-hyattsville-maryland-4434970305,Facilities Maintenance Supervisor,"City of Hyattsville, Maryland",posted,2026-07-06T23:55:35.621440,29
5acb349cee86f125,https://bj.linkedin.com/jobs/view/chef-de-gestion-fiscal-at-twyford-international-4437185861,Chef de Gestion Fiscal,TWYFORD INTERNATIONAL,posted,2026-07-06T23:55:44.009583,31
b75b69e7a286be13,https://bj.linkedin.com/jobs/view/entrepreneur-in-residence-eir-at-the-flex-4436952198,Entrepreneur in Residence (EIR),,scraped,2026-07-06T23:55:46.583261,
02ed2d4508fea352,https://bj.linkedin.com/jobs/view/engineering-and-maintenance-manager-at-puma-energy-4417139988,Engineering and Maintenance Manager,,scraped,2026-07-06T23:55:53.250972,
da6b0e05562c8d97,https://bj.linkedin.com/jobs/view/finance-and-support-services-manager-gulf-of-guinea-at-mag-mines-advisory-group-4437158226,"Finance and Support Services Manager, Gulf of Guinea",,scraped,2026-07-06T23:55:59.836533,
f82c692e94499e63,https://bj.linkedin.com/jobs/view/growth-marketer-at-the-flex-4436780311,Growth Marketer,,scraped,2026-07-06T23:56:06.806641,
2846a5095c3612eb,https://bj.linkedin.com/jobs/view/francophone-customer-support-representative-%E2%80%93-remote-at-talentpop-app-4433917581,Francophone Customer Support Representative – Remote,TalentPop App,posted,2026-07-06T23:56:19.309137,33
54519007be4df40b,https://bj.linkedin.com/jobs/view/ide-h-f-nombre-d-or-at-epsm-de-l-agglom%C3%A9ration-lilloise-ght-psy-npdc-4435469470,IDE (H/F) Nombre d'Or,,scraped,2026-07-06T23:56:21.926461,
e8a2e5dbc3ff8e56,https://bj.linkedin.com/jobs/view/%F0%9F%94%8E-offre-d%E2%80%99emploi-%E2%80%93-d%C3%A9veloppeur-web-full-stack-pr%C3%A9sentiel-at-e-coachboost-4433959233,🔎 Offre d’emploi – Développeur Web Full Stack (Présentiel),E-coachboost,posted,2026-07-06T23:56:36.277389,35
07efe9b46ae96ac8,https://bj.linkedin.com/jobs/view/ing%C3%A9nieur-full-stack-at-innovatik-4437439200,Ingénieur Full Stack,,scraped,2026-07-06T23:56:38.833903,
2d31e3774175baa4,https://bj.linkedin.com/jobs/view/monteur-vid%C3%A9o-video-editor-social-ads-e-commerce-t%C3%A9l%C3%A9travail-at-adtitude-4435541245,Monteur Vidéo / Video Editor - Social Ads e-commerce (Télétravail),,scraped,2026-07-06T23:56:49.687348,
a6c51fbdab82022f,https://bj.linkedin.com/jobs/view/ide-cmp-gravelines-at-epsm-de-l-agglom%C3%A9ration-lilloise-ght-psy-npdc-4435026863,IDE - CMP Gravelines,,scraped,2026-07-06T23:56:56.452421,
b7ddff2ad5fc1ad8,https://bj.linkedin.com/jobs/view/conseillers-commerciaux-en-assurance-at-sunu-assurances-b%C3%A9nin-4437151787,CONSEILLERS COMMERCIAUX EN ASSURANCE,,scraped,2026-07-06T23:57:03.896946,
deeb2d9b3c6eea8e,https://bj.linkedin.com/jobs/view/repr%C3%A9sentant-commercial-en-assurance-at-beninvest-assurances-4437413166,Représentant commercial en assurance,,scraped,2026-07-06T23:57:10.515588,
4cbc676795068601,https://bj.linkedin.com/jobs/view/deputy-representative-operations-at-acca-careers-4436236049,Deputy Representative Operations,,scraped,2026-07-06T23:57:18.338498,
abebfdad17dddf9e,https://bj.linkedin.com/jobs/view/email-designer-ui-ux-at-bote-agency-4435794757,Email designer UI UX,,scraped,2026-07-06T23:57:25.138969,
ee7fba2aa4858205,https://bj.linkedin.com/jobs/view/french-bilingual-customer-service-specialist-at-talentpop-app-4433913572,French Bilingual Customer Service Specialist,TalentPop App,posted,2026-07-06T23:57:41.306269,37
a861e454e9730843,https://bj.linkedin.com/jobs/view/manager-4435122542,Manager,Picasso Steakhouse,posted,2026-07-06T23:57:48.735386,39
3670bcc9279d3633,https://bj.linkedin.com/jobs/view/software-sales-at-bechtle-4433945686,Software Sales,,scraped,2026-07-06T23:57:51.288604,
ad89192bcbd93207,https://bj.linkedin.com/jobs/view/postdoctoral-researcher-in-theoretical-and-experimental-microeconomics-at-department-of-pharmacy-university-of-copenhagen-4435834318,Postdoctoral Researcher in Theoretical and Experimental Microeconomics,,scraped,2026-07-06T23:57:58.786067,
fc32740906200171,https://bj.linkedin.com/jobs/view/tdr-agencia-de-comunicaci%C3%B3n-semillas-de-exito-del-fse%2B-at-educo-b%C3%A9nin-4436541415,TdR Agencia de comunicación Semillas de exito del FSE+,,scraped,2026-07-07T11:23:06.542721,
0728515071d8be67,https://bj.linkedin.com/jobs/view/tdr-para-proyecto-semillas-del-exito-bienestar-emocional-at-educo-b%C3%A9nin-4436549100,Tdr para proyecto semillas del exito bienestar emocional,,scraped,2026-07-07T11:23:13.783469,
78161e821fdfe998,https://bj.linkedin.com/jobs/view/v-i-e-charge-chargee-de-projets-commerciaux-benin-f-h-x-at-canal%2B-group-4437189720,V.I.E - CHARGE/CHARGEE DE PROJETS COMMERCIAUX BENIN - (F/H/X),,scraped,2026-07-07T11:23:23.058014,
ba89ff684cc1202d,https://bj.linkedin.com/jobs/view/tdr-para-el-proyecto-semillas-del-exito-at-educo-b%C3%A9nin-4436543380,Tdr para el proyecto semillas del exito,,scraped,2026-07-07T11:23:30.134571,
a4fe7089b05d69dd,https://bj.linkedin.com/jobs/view/stagiaire-en-appui-aux-programmes-de-d%C3%A9veloppement-et-coop%C3%A9ration-internationale-at-undp-careers-4435882892,Stagiaire en Appui aux Programmes de Développement et Coopération Internationale,UNDP Careers,posted,2026-07-07T11:23:46.176548,41
068e59fc575bcede,https://bj.linkedin.com/jobs/view/gestionnaire-de-projet-et-coordinateur-trice-de-l-atelier-637-h-f-at-institut-fran%C3%A7ais-de-la-mode-4433172997,GESTIONNAIRE DE PROJET ET COORDINATEUR.TRICE DE L'ATELIER 637 (H/F),Institut Français de la Mode,posted,2026-07-07T11:23:56.494864,43
61a1b252df5cfe47,https://bj.linkedin.com/jobs/view/responsable-suivi-et-%C3%A9valuation-at-jsi-4437454619,Responsable Suivi et Évaluation,JSI,posted,2026-07-07T11:24:06.265901,45
a7970e5b7f7e4a8a,https://bj.linkedin.com/jobs/view/deputy-representative-operations-p-4-fixed-term-position-cotonou-benin-%2300007662-at-unicef-4436758864,"Deputy Representative Operations, P-4, Fixed Term Position, Cotonou, Benin, #00007662",UNICEF,posted,2026-07-07T11:24:15.099179,47
62ccb7fa06959249,https://bj.linkedin.com/jobs/view/solution-architect-at-ericsson-4435467502,Solution Architect,,scraped,2026-07-07T11:24:21.747454,
c05b99718b6ecd48,https://bj.linkedin.com/jobs/view/concepteur-de-produits-at-osilab-west-africa-4436058035,Concepteur de produits,,scraped,2026-07-07T11:24:40.209075,
6e501adaa22899c9,https://bj.linkedin.com/jobs/view/associate-director-global-patient-advocacy-at-regeneron-4426969546,"Associate Director, Global Patient Advocacy",Regeneron,posted,2026-07-07T11:24:52.701491,49
59411306dbf116eb,https://bj.linkedin.com/jobs/view/postdoc-in-gpcr-mechanosensing-at-department-of-pharmacy-university-of-copenhagen-4437413737,Postdoc in GPCR mechanosensing,,scraped,2026-07-07T11:24:55.170249,
6aa4227a3f9e2c2f,https://bj.linkedin.com/jobs/view/phd-fellowships-in-cardiac-patho-physiology-at-the-department-of-biomedical-sciences-at-department-of-pharmacy-university-of-copenhagen-4435837267,PhD fellowships in Cardiac (patho-)Physiology at the Department of Biomedical Sciences,,scraped,2026-07-07T11:25:01.903415,
6d2f93202cdc3304,https://bj.linkedin.com/jobs/view/sp%C3%A9cialiste-contrats-et-partenariats-int%C3%A9rim-at-technoserve-4433195940,Spécialiste Contrats et Partenariats - intérim,TechnoServe,posted,2026-07-07T11:25:14.698479,51
4b15a67dd4fc2102,https://bj.linkedin.com/jobs/view/phd-fellowship-in-radiopharmaceutical-chemistry-at-the-department-of-drug-design-and-pharmacology-at-department-of-pharmacy-university-of-copenhagen-4436756819,PhD fellowship in Radiopharmaceutical Chemistry at the Department of Drug Design and Pharmacology,,scraped,2026-07-07T11:25:17.167495,
f557ad603c215e57,https://bj.linkedin.com/jobs/view/sp%C3%A9cialiste-suivi-evaluation-benibiz-at-technoserve-4432704513,Spécialiste Suivi Evaluation- BeniBiz,TechnoServe,posted,2026-07-07T19:18:24.913549,53
b38c3424a867d383,https://bj.linkedin.com/jobs/view/tdr-formulaci%C3%B3n-convenio-aecid-sv-2026-at-educo-b%C3%A9nin-4436548129,TdR Formulación Convenio AECID SV 2026,,scraped,2026-07-07T19:18:47.581311,
0aadb75f5161d5d4,https://bj.linkedin.com/jobs/view/senior-adms-implementation-engineer-at-ge-vernova-4437821265,Senior ADMS Implementation Engineer,GE Vernova,posted,2026-07-07T19:19:09.143989,55
f93117bd11f9011d,https://bj.linkedin.com/jobs/view/senior-adms-implementation-engineer-at-ge-vernova-4437816537,Senior ADMS Implementation Engineer,GE Vernova,scraped,2026-07-07T19:19:13.353115,
463a1439a53cb20a,https://bj.linkedin.com/jobs/view/senior-adms-implementation-engineer-at-ge-vernova-4437823064,Senior ADMS Implementation Engineer,GE Vernova,posted,2026-07-07T23:32:52.021245,55
b7ed1992e9baf512,https://bj.linkedin.com/jobs/view/ai-video-creator-at-the-flex-4436769569,AI Video Creator,,scraped,2026-07-08T09:17:09.351198,
5f92bb54442bd86f,https://bj.linkedin.com/jobs/view/trade-finance-officer-at-ecobank-transnational-incorporated-4436805411,Trade Finance Officer,,scraped,2026-07-08T09:17:21.863644,
e53c7e9beef93391,https://bj.linkedin.com/jobs/view/stage-charge-e-de-recrutement-informatique-at-b%C3%A9nin-digital-4437783575,STAGE CHARGE(E) DE RECRUTEMENT INFORMATIQUE,,scraped,2026-07-08T09:17:33.336179,
772dafee2845fa72,https://bj.linkedin.com/jobs/view/stagiaire-commercial-4436956938,Stagiaire commercial,BRIGHT VISION CONSULT,posted,2026-07-08T09:17:54.310831,67
64ec39bc6ad74232,https://bj.linkedin.com/jobs/view/temporary-clinical-trial-recruitment-and-retention-implementation-manager-at-regeneron-4437021497,Temporary Clinical Trial Recruitment and Retention Implementation Manager,Regeneron,posted,2026-07-08T09:18:21.372218,69
29c653c99ad6546c,https://bj.linkedin.com/jobs/view/commercial-e-cotonou-b%C3%A9nin-at-lapaire-4437450596,"Commercial(e) - Cotonou, Bénin",,scraped,2026-07-08T16:17:34.057400,
2cb3dad634ba2351,https://bj.linkedin.com/jobs/view/deputy-representative-operations-p-4-fixed-term-position-cotonou-benin-%2300007662-at-unicef-chad-4433740181,"Deputy Representative Operations, P-4, Fixed Term Position, Cotonou, Benin, #00007662",Unicef CHAD,posted,2026-07-08T16:17:54.942726,71
01db41cdc1e2f896,https://bj.linkedin.com/jobs/view/finance-manager-at-obt-group-4432770009,Finance Manager,OBT Group,posted,2026-07-08T16:18:14.102831,73
2befefd099726e23,https://bj.linkedin.com/jobs/view/sp%C3%A9cialiste-services-et-ventes-at-agoudatech-sarl-4438233573,Spécialiste services et ventes,AGOUDATECH Sarl,posted,2026-07-08T16:18:23.259461,75
b435363cca4377d7,https://bj.linkedin.com/jobs/view/responsable-p%C3%A9dagogique-epitech-afrique-%F0%9F%87%A7%F0%9F%87%AF-at-african-education-innovation-group-aeig-4434828657,Responsable Pédagogique EPITECH Afrique 🇧🇯,African Education &amp; Innovation Group (AEIG),posted,2026-07-08T16:18:41.331376,77
5ca716cb5bf8828f,https://bj.linkedin.com/jobs/view/conseiller-client-cotonou-fran%C3%A7ais-at-concentrix-4406458765,Conseiller Client - Cotonou - Français,Concentrix,posted,2026-07-08T16:18:54.172341,79
48ab94b725c2979f,https://bj.linkedin.com/jobs/view/treasury-lead-at-puma-energy-4437069455,Treasury Lead,,scraped,2026-07-08T21:49:59.081657,
09435ea85bf00b77,https://bj.linkedin.com/jobs/view/conseiller-client-f-h-at-concentrix-4406458763,Conseiller client (F/H),Concentrix,posted,2026-07-08T21:50:29.197165,81
03af58afd7f5ccef,https://bj.linkedin.com/jobs/view/digital-sales-support-representative-at-talentpop-app-4434887388,Digital Sales & Support Representative,TalentPop App,posted,2026-07-08T21:50:54.996646,83
66e33701cecb0346,https://bj.linkedin.com/jobs/view/bilingual-customer-support-specialist-french-english-100%25-remote-at-talentpop-app-4434871615,Bilingual Customer Support Specialist (French/English) - 100% Remote,TalentPop App,posted,2026-07-08T21:51:03.269081,85
e7a65e12e5cca876,https://bj.linkedin.com/jobs/view/work-from-home-customer-support-%E2%80%93-french-speaking-at-talentpop-app-4434889298,Work-from-Home Customer Support – French Speaking,TalentPop App,posted,2026-07-08T21:51:11.663300,87
b89da399aa3ba138,https://bj.linkedin.com/jobs/view/work-from-home-customer-support-%E2%80%93-french-speaking-at-talentpop-app-4434893005,Work-from-Home Customer Support – French Speaking,TalentPop App,scraped,2026-07-08T21:51:15.596153,
594d63e00f30f0af,https://bj.linkedin.com/jobs/view/bilingual-customer-support-specialist-french-english-100%25-remote-at-talentpop-app-4434880513,Bilingual Customer Support Specialist (French/English) - 100% Remote,TalentPop App,posted,2026-07-08T21:51:20.529566,85
3579b060340c7559,https://bj.linkedin.com/jobs/view/french%2Benglish-bilingual-customer-service-representative-at-talentpop-app-4434890375,French+English Bilingual Customer Service Representative,TalentPop App,posted,2026-07-08T21:51:28.264125,89
a6155d85a8eb8d7d,https://bj.linkedin.com/jobs/view/french-bilingual-customer-service-specialist-at-talentpop-app-4434888456,French Bilingual Customer Service Specialist,TalentPop App,posted,2026-07-08T21:51:33.020965,37
b7d9cac9fc8017a1,https://bj.linkedin.com/jobs/view/virtual-customer-support-agent-french-english-%E2%80%93-100%25-remote-at-talentpop-app-4434871691,Virtual Customer Support Agent (French/English) – 100% Remote,TalentPop App,posted,2026-07-08T21:51:40.685101,91
56e83f6467ed2cc0,https://bj.linkedin.com/jobs/view/virtual-customer-support-agent-french-english-%E2%80%93-100%25-remote-at-talentpop-app-4434881515,Virtual Customer Support Agent (French/English) – 100% Remote,TalentPop App,scraped,2026-07-08T21:51:44.798621,
205954512bc773db,https://bj.linkedin.com/jobs/view/bilingual-customer-support-specialist-french-english-100%25-remote-at-talentpop-app-4434877649,Bilingual Customer Support Specialist (French/English) - 100% Remote,TalentPop App,posted,2026-07-08T21:51:49.525811,85
7be2312a9cea16ad,https://bj.linkedin.com/jobs/view/work-from-home-customer-support-%E2%80%93-french-speaking-at-talentpop-app-4434880388,Work-from-Home Customer Support – French Speaking,TalentPop App,posted,2026-07-08T21:51:54.088115,87
25d3c9e592367683,https://bj.linkedin.com/jobs/view/work-from-home-customer-support-%E2%80%93-french-speaking-at-talentpop-app-4434886418,Work-from-Home Customer Support – French Speaking,TalentPop App,posted,2026-07-08T21:51:58.837811,87
9715ef4fe2dc161f,https://bj.linkedin.com/jobs/view/work-from-home-customer-support-%E2%80%93-french-speaking-at-talentpop-app-4434879578,Work-from-Home Customer Support – French Speaking,TalentPop App,scraped,2026-07-08T21:52:02.859493,
a23a326de34a22c9,https://bj.linkedin.com/jobs/view/virtual-customer-support-agent-french-english-%E2%80%93-100%25-remote-at-talentpop-app-4434887295,Virtual Customer Support Agent (French/English) – 100% Remote,TalentPop App,posted,2026-07-08T21:52:07.642380,91
76b605d611ab8884,https://bj.linkedin.com/jobs/view/virtual-customer-support-agent-french-english-%E2%80%93-100%25-remote-at-talentpop-app-4434885387,Virtual Customer Support Agent (French/English) – 100% Remote,TalentPop App,scraped,2026-07-08T21:52:11.769277,
4b54bfac2f81a483,https://bj.linkedin.com/jobs/view/french-customer-support-specialist-bilingual-fr-en-non-voice-blended-remote-at-talentpop-app-4434877635,French Customer Support Specialist (Bilingual FR/EN | Non-Voice/Blended | Remote),TalentPop App,posted,2026-07-08T21:52:19.858852,93
2fec65971039a9a3,https://bj.linkedin.com/jobs/view/french%2Benglish-bilingual-customer-service-representative-at-talentpop-app-4434870885,French+English Bilingual Customer Service Representative,TalentPop App,posted,2026-07-08T21:52:27.664867,95
95bb58af84a2853e,https://bj.linkedin.com/jobs/view/french%2Benglish-bilingual-customer-service-representative-at-talentpop-app-4434875617,French+English Bilingual Customer Service Representative,TalentPop App,posted,2026-07-08T21:52:35.532751,97
40944f084a24a9bb,https://bj.linkedin.com/jobs/view/francophone-customer-support-representative-%E2%80%93-remote-at-talentpop-app-4434870919,Francophone Customer Support Representative – Remote,TalentPop App,posted,2026-07-08T21:52:40.479005,33
af996ae91f52ad1e,https://bj.linkedin.com/jobs/view/agent-de-support-client%C3%A8le-international-h-f-at-talentpop-app-4434885536,Agent de Support Clientèle International (H/F),TalentPop App,posted,2026-07-08T21:52:49.109655,99
78e50de96b631ae0,https://bj.linkedin.com/jobs/view/sp%C3%A9cialiste-bilingue-fran%C3%A7ais-anglais-du-support-client-%E2%80%94-voix-et-chat-at-talentpop-app-4434885498,Spécialiste Bilingue (Français/Anglais) du Support Client — Voix et Chat,TalentPop App,posted,2026-07-08T21:52:57.061989,101
74d1fb03ae68aec2,https://bj.linkedin.com/jobs/view/french-english-customer-support-associate-at-talentpop-app-4434882433,French-English Customer Support Associate,TalentPop App,posted,2026-07-08T21:53:05.113669,103
11ef84734700c347,https://bj.linkedin.com/jobs/view/sp%C3%A9cialiste-bilingue-fran%C3%A7ais-anglais-du-support-client-%E2%80%94-voix-et-chat-at-talentpop-app-4434873799,Spécialiste Bilingue (Français/Anglais) du Support Client — Voix et Chat,TalentPop App,posted,2026-07-08T21:53:12.786596,105
bb53299e6145276c,https://bj.linkedin.com/jobs/view/french-english-customer-support-associate-at-talentpop-app-4434881356,French-English Customer Support Associate,TalentPop App,posted,2026-07-08T21:53:17.530204,103
66d6b65d754952c9,https://bj.linkedin.com/jobs/view/french-english-customer-support-associate-at-talentpop-app-4434872764,French-English Customer Support Associate,TalentPop App,posted,2026-07-08T21:53:22.200363,103
c1fb66741bb614b5,https://bj.linkedin.com/jobs/view/remote-french-bilingual-customer-support-representative-at-talentpop-app-4434890412,Remote French Bilingual Customer Support Representative,TalentPop App,posted,2026-07-08T21:53:29.665239,107
0cd7d24d11992051,https://bj.linkedin.com/jobs/view/deputy-representative-operations-at-acca-careers-4438195885,Deputy Representative Operations,,scraped,2026-07-09T10:34:24.160217,
593e4e3ed54ca81c,https://bj.linkedin.com/jobs/view/%F0%9F%93%A2-recrutement-%E2%80%93-responsable-commercial-h-f-%E2%80%93-cotonou-b%C3%A9nin-at-saveurs-diffusion-4438571582,"📢 RECRUTEMENT – RESPONSABLE COMMERCIAL (H/F) – COTONOU, BÉNIN",,scraped,2026-07-09T10:34:31.116704,
003bf88ff369de43,https://bj.linkedin.com/jobs/view/motion-designer-at-a6ko-4433311811,Motion Designer,a6ko,posted,2026-07-09T10:34:47.055874,109
dd74f91be4940dcc,https://bj.linkedin.com/jobs/view/conseiller-strat%C3%A9gique-en-affaires-at-gestion-rh-africa-4435016134,CONSEILLER STRATÉGIQUE EN AFFAIRES,Gestion RH Africa,posted,2026-07-09T10:34:57.343892,111
d86fafd341629436,https://bj.linkedin.com/jobs/view/work-from-home-customer-support-%E2%80%93-french-speaking-at-talentpop-app-4434890305,Work-from-Home Customer Support – French Speaking,TalentPop App,posted,2026-07-09T10:35:12.067589,87
e3cea8ff0826dd6c,https://bj.linkedin.com/jobs/view/ux-ui-designer-at-the-flex-4436391174,UX/UI Designer,,scraped,2026-07-09T10:35:16.690656,
bc21af32d1d4ddb5,https://bj.linkedin.com/jobs/view/virtual-customer-support-agent-french-english-%E2%80%93-100%25-remote-at-talentpop-app-4434884460,Virtual Customer Support Agent (French/English) – 100% Remote,TalentPop App,posted,2026-07-09T10:35:28.434509,91
16e32984df4ffa81,https://bj.linkedin.com/jobs/view/virtual-customer-support-agent-french-english-%E2%80%93-100%25-remote-at-talentpop-app-4434890237,Virtual Customer Support Agent (French/English) – 100% Remote,TalentPop App,scraped,2026-07-09T10:35:32.586828,
a48f57af3bb475ec,https://bj.linkedin.com/jobs/view/digital-sales-support-representative-at-talentpop-app-4434870745,Digital Sales & Support Representative,TalentPop App,posted,2026-07-09T10:35:53.568492,83
384f4b4cda05c976,https://bj.linkedin.com/jobs/view/french-customer-support-specialist-bilingual-fr-en-non-voice-blended-remote-at-talentpop-app-4434877564,French Customer Support Specialist (Bilingual FR/EN | Non-Voice/Blended | Remote),TalentPop App,posted,2026-07-09T10:35:58.413387,93
dacbb404f5617160,https://bj.linkedin.com/jobs/view/french-bilingual-customer-service-specialist-at-talentpop-app-4434893051,French Bilingual Customer Service Specialist,TalentPop App,posted,2026-07-09T10:36:13.293442,37
306450efcf77943d,https://bj.linkedin.com/jobs/view/director-a-de-transformaci%C3%B3n-digital-it-y-ciberseguridad-at-educo-b%C3%A9nin-4436539421,"Director/a de Transformación Digital, IT y Ciberseguridad",,scraped,2026-07-09T10:36:15.945141,
38c33b76c495c002,https://bj.linkedin.com/jobs/view/remote-french-bilingual-customer-support-representative-at-talentpop-app-4434885445,Remote French Bilingual Customer Support Representative,TalentPop App,posted,2026-07-09T10:36:26.234814,107
e579e1706f1613ff,https://bj.linkedin.com/jobs/view/sp%C3%A9cialiste-bilingue-fran%C3%A7ais-anglais-du-support-client-%E2%80%94-voix-et-chat-at-talentpop-app-4434875591,Spécialiste Bilingue (Français/Anglais) du Support Client — Voix et Chat,TalentPop App,posted,2026-07-09T10:36:35.093904,113
1b758d14846f6c2b,https://bj.linkedin.com/jobs/view/french-bilingual-customer-service-specialist-at-talentpop-app-4434890302,French Bilingual Customer Service Specialist,TalentPop App,posted,2026-07-09T10:36:41.945450,37
09166c92cd226d15,https://bj.linkedin.com/jobs/view/remote-french-bilingual-customer-support-representative-at-talentpop-app-4434869814,Remote French Bilingual Customer Support Representative,TalentPop App,posted,2026-07-09T10:36:46.658425,107
d8d005dc3bad594d,https://bj.linkedin.com/jobs/view/francophone-customer-support-representative-%E2%80%93-remote-at-talentpop-app-4434886392,Francophone Customer Support Representative – Remote,TalentPop App,posted,2026-07-09T10:36:51.458280,33
e8d4e725fea1259f,https://bj.linkedin.com/jobs/view/french-speaking-customer-support-specialist-at-talentpop-app-4434890355,French-Speaking Customer Support Specialist,TalentPop App,posted,2026-07-09T10:36:59.402510,115
f9e0c2a574f66ec8,https://bj.linkedin.com/jobs/view/french-speaking-customer-support-specialist-at-talentpop-app-4434869885,French-Speaking Customer Support Specialist,TalentPop App,scraped,2026-07-09T10:37:03.736716,
fa14f40746491429,https://bj.linkedin.com/jobs/view/conseiller-client-f-h-cotonou-bilingue-fran%C3%A7ais-anglais-at-concentrix-4408874943,Conseiller client (F/H)- Cotonou - Bilingue - Français/ Anglais,Concentrix,posted,2026-07-09T18:29:33.233413,117
299006c3c61b0019,https://bj.linkedin.com/jobs/view/chef-cheffe-d-%C3%A9quipe-expert-e-en-%C3%A9nergie-at-ntu-international-a-s-4438614054,Chef / Cheffe d'Équipe - Expert(e) en Énergie,,scraped,2026-07-09T18:29:43.876006,
80644cc47b7dc6d7,https://bj.linkedin.com/jobs/view/bilingual-customer-support-specialist-french-english-100%25-remote-at-talentpop-app-4434875536,Bilingual Customer Support Specialist (French/English) - 100% Remote,TalentPop App,posted,2026-07-09T18:29:59.626301,85
af4d8861c44ca756,https://bj.linkedin.com/jobs/view/agent-de-support-client%C3%A8le-international-h-f-at-talentpop-app-4434872730,Agent de Support Clientèle International (H/F),TalentPop App,posted,2026-07-09T18:30:11.152605,119
090c976461adba9d,https://bj.linkedin.com/jobs/view/french-customer-support-specialist-bilingual-fr-en-non-voice-blended-remote-at-talentpop-app-4434880367,French Customer Support Specialist (Bilingual FR/EN | Non-Voice/Blended | Remote),TalentPop App,posted,2026-07-09T18:30:26.727479,93
e850cc5a5663dac4,https://bj.linkedin.com/jobs/view/french-customer-support-specialist-bilingual-fr-en-non-voice-blended-remote-at-talentpop-app-4434891189,French Customer Support Specialist (Bilingual FR/EN | Non-Voice/Blended | Remote),TalentPop App,posted,2026-07-09T18:30:31.765573,93
9d963b9015d2cb54,https://bj.linkedin.com/jobs/view/virtual-customer-support-agent-french-english-%E2%80%93-100%25-remote-at-talentpop-app-4434886425,Virtual Customer Support Agent (French/English) – 100% Remote,TalentPop App,posted,2026-07-09T18:30:36.999121,91
79c18928c6ae3c67,https://bj.linkedin.com/jobs/view/french-speaking-customer-support-specialist-at-talentpop-app-4434891387,French-Speaking Customer Support Specialist,TalentPop App,posted,2026-07-09T18:30:49.982186,115
3e9d4bc8cf3987e2,https://bj.linkedin.com/jobs/view/french-speaking-customer-support-specialist-at-talentpop-app-4434883321,French-Speaking Customer Support Specialist,TalentPop App,scraped,2026-07-09T18:30:54.028202,
18666dc40feda404,https://bj.linkedin.com/jobs/view/french-speaking-customer-support-specialist-at-talentpop-app-4434884252,French-Speaking Customer Support Specialist,TalentPop App,scraped,2026-07-09T18:30:58.012308,
08bcd44773b952ad,https://bj.linkedin.com/jobs/view/remote-french-bilingual-customer-support-representative-at-talentpop-app-4434884292,Remote French Bilingual Customer Support Representative,TalentPop App,posted,2026-07-09T18:31:06.511783,107
e692a9f014274ead,https://bj.linkedin.com/jobs/view/french-speaking-customer-support-specialist-at-talentpop-app-4434882504,French-Speaking Customer Support Specialist,TalentPop App,posted,2026-07-09T18:31:13.340935,115
c833f1d744672c0b,https://bj.linkedin.com/jobs/view/french-english-customer-support-associate-at-talentpop-app-4434891170,French-English Customer Support Associate,TalentPop App,posted,2026-07-09T18:31:19.900287,103
432a2f44fbb9193d,https://bj.linkedin.com/jobs/view/virtual-customer-support-agent-french-english-%E2%80%93-100%25-remote-at-talentpop-app-4435679217,Virtual Customer Support Agent (French/English) – 100% Remote,TalentPop App,posted,2026-07-09T18:31:31.039125,91
f6f7ece6726c87ba,https://bj.linkedin.com/jobs/view/french-speaking-customer-support-specialist-at-talentpop-app-4434879457,French-Speaking Customer Support Specialist,TalentPop App,posted,2026-07-09T18:31:38.223305,115
24b47816c605407d,https://bj.linkedin.com/jobs/view/virtual-customer-support-agent-french-english-%E2%80%93-100%25-remote-at-talentpop-app-4435681161,Virtual Customer Support Agent (French/English) – 100% Remote,TalentPop App,posted,2026-07-09T18:31:44.210597,91
95aac2a79a1755ae,https://bj.linkedin.com/jobs/view/hr-manager-at-deloitte-4418275007,HR Manager,Deloitte,posted,2026-07-09T23:55:25.439566,121
cdd87c6059e4a8fd,https://bj.linkedin.com/jobs/view/french-bilingual-customer-service-specialist-at-talentpop-app-4434875653,French Bilingual Customer Service Specialist,TalentPop App,posted,2026-07-09T23:56:08.270710,37
188d5ee0f78db05f,https://bj.linkedin.com/jobs/view/product-manager-at-kamgoko-4438887698,Product Manager,,scraped,2026-07-10T11:23:48.760443,
8d2b68b29cddb23e,https://bj.linkedin.com/jobs/view/environmental-and-climate-change-advisor-at-goodwork-environmental-jobs-4437938861,Environmental and Climate Change Advisor,,scraped,2026-07-10T11:24:01.186832,
c8652b28359bcbe6,https://bj.linkedin.com/jobs/view/dessinateur-industriel-programmeur-cnc-methodes-h-f-at-esa-recrutement-interim-4439036046,) DESSINATEUR INDUSTRIEL & PROGRAMMEUR CNC (METHODES) (H/F),ESA RECRUTEMENT & INTERIM,posted,2026-07-10T11:24:43.961668,123
c127acca627a8a82,https://bj.linkedin.com/jobs/view/conseiller-client-f-h-cotonou-t%C3%A9l%C3%A9vente-fran%C3%A7ais-at-concentrix-4408885212,Conseiller client (F/H)-  Cotonou -Télévente - Français,Concentrix,posted,2026-07-10T11:25:08.864075,125
a45b642630cd6af5,https://bj.linkedin.com/jobs/view/french%2Benglish-bilingual-customer-service-representative-at-talentpop-app-4434881457,French+English Bilingual Customer Service Representative,TalentPop App,posted,2026-07-10T11:25:41.713767,127
e4ee5563de84f395,https://bj.linkedin.com/jobs/view/country-administration-manager-west-africa-coastal-at-reliefweb-4439328314,Country Administration Manager - West Africa Coastal,ReliefWeb,posted,2026-07-10T18:12:23.801100,129
05d4515d6ae41a34,https://bj.linkedin.com/jobs/view/core-network-engineer-ps-cs-ims-at-huawei-4439303905,Core Network Engineer (PS/CS/IMS),,scraped,2026-07-10T18:12:34.387331,
9e8aabff1eb8d600,https://bj.linkedin.com/jobs/view/juriste-charg%C3%A9-du-recouvrement-4439064018,Juriste chargé du recouvrement,"Ivoire Goodies Performances BÉNIN (IGP BJ) _ (Partenariat avec PADME, Institution de Microfinance)",posted,2026-07-10T18:12:48.870104,131
559f21b4d9710411,https://bj.linkedin.com/jobs/view/agronome-agro%C3%A9cologie-programme-semences-at-yebango-4438329312,Agronome Agroécologie - Programme Semences,,scraped,2026-07-10T18:12:51.344638,
d1f6c555ae6a36bb,https://bj.linkedin.com/jobs/view/sp%C3%A9cialiste-rh-charg%C3%A9-e-des-op%C3%A9rations-rh-et-exp%C3%A9rience-employ%C3%A9-at-technoserve-4436620220,"Spécialiste RH, Chargé(e) des opérations RH et expérience employé",TechnoServe,posted,2026-07-10T18:13:14.164273,133
45399315c9fabd00,https://bj.linkedin.com/jobs/view/french-speaking-customer-support-specialist-at-talentpop-app-4434889259,French-Speaking Customer Support Specialist,TalentPop App,posted,2026-07-10T18:13:49.907521,115
07f4c1144ab15fc5,https://bj.linkedin.com/jobs/view/sp%C3%A9cialiste-bilingue-fran%C3%A7ais-anglais-du-support-client-%E2%80%94-voix-et-chat-at-talentpop-app-4434873745,Spécialiste Bilingue (Français/Anglais) du Support Client — Voix et Chat,TalentPop App,posted,2026-07-10T18:13:59.972930,135
75027379d83e4f5b,https://bj.linkedin.com/jobs/view/expert-e-secteur-de-l%E2%80%99%C3%A9nergie-au-b%C3%A9nin-at-ntu-international-a-s-4438635923,Expert(e) Secteur de l’Énergie au Bénin,,scraped,2026-07-10T18:14:14.595830,
25dbdc727f3644e5,https://bj.linkedin.com/jobs/view/french-speaking-customer-support-specialist-at-talentpop-app-4434881381,French-Speaking Customer Support Specialist,TalentPop App,posted,2026-07-10T18:14:28.153647,115
720cde4f82550018,https://bj.linkedin.com/jobs/view/stagiaire-marketing-at-kawa-services-4435944445,Stagiaire marketing,KAWA SERVICES,posted,2026-07-10T18:14:44.361885,137
6ac052e2d754678a,https://bj.linkedin.com/jobs/view/digital-sales-support-representative-at-talentpop-app-4434877511,Digital Sales & Support Representative,TalentPop App,posted,2026-07-10T18:14:49.519754,83
30c11d653576dcc8,https://bj.linkedin.com/jobs/view/virtual-customer-support-agent-french-english-%E2%80%93-100%25-remote-at-talentpop-app-4434869818,Virtual Customer Support Agent (French/English) – 100% Remote,TalentPop App,posted,2026-07-10T18:14:54.899044,91
bc39a96e6080e19c,https://bj.linkedin.com/jobs/view/lead-tech-business-%F0%9F%87%A7%F0%9F%87%AF-at-african-education-innovation-group-aeig-4436608608,Lead Tech & Business 🇧🇯,African Education &amp; Innovation Group (AEIG),posted,2026-07-10T18:15:14.888523,139
1997b73d2f35724c,https://bj.linkedin.com/jobs/view/deji-akinwande-at-the-center-for-dynamics-and-control-of-materials-an-nsf-mrsec-at-the-university-of-texas-at-austin-4438338127,Deji Akinwande,The Center for Dynamics and Control of Materials: an NSF MRSEC at the University of Texas at Austin,posted,2026-07-10T23:33:26.181689,141
fe28ee504fdb7af3,https://bj.linkedin.com/jobs/view/administrateur-syst%C3%A8me-linux-at-kamgoko-4438895498,Administrateur système Linux,,scraped,2026-07-10T23:33:40.769023,
b5be8ce3b7770a03,https://bj.linkedin.com/jobs/view/finance-and-administrative-assistant-at-vacancies-at-iom-indonesia-4439358916,Finance and Administrative Assistant,Vacancies at IOM Indonesia,posted,2026-07-10T23:34:03.416060,143
6a53785f62c1b944,https://bj.linkedin.com/jobs/view/regional-senior-finance-manager-cwaro-at-catholic-relief-services-4436635220,"Regional Senior Finance Manager, CWARO",Catholic Relief Services,posted,2026-07-10T23:34:16.175683,145
4c8579c9cce382e7,https://bj.linkedin.com/jobs/view/sp%C3%A9cialiste-engagement-communautaire-et-nutrition-at-jsi-4437449994,Spécialiste: Engagement Communautaire et Nutrition,JSI,posted,2026-07-10T23:34:35.333031,147
57c283a72a42c407,https://bj.linkedin.com/jobs/view/support-medewerker-software-at-bechtle-4433945685,Support medewerker Software,,scraped,2026-07-10T23:35:35.864251,
e5360c7068d53905,https://bj.linkedin.com/jobs/view/visiting-faculty-required-department-of-textile-design-at-career-counseling-placement-centre-4439519174,Visiting Faculty required (Department of Textile Design),,scraped,2026-07-11T07:24:12.687805,
1ff79f19fe0efdbf,https://bj.linkedin.com/jobs/view/conseiller-en-lecture-at-jsi-4437467260,Conseiller en Lecture,JSI,posted,2026-07-11T07:24:32.442587,149
04fa626248709f6f,https://bj.linkedin.com/jobs/view/french-speaking-customer-support-specialist-at-talentpop-app-4434884473,French-Speaking Customer Support Specialist,TalentPop App,posted,2026-07-11T07:25:03.382179,115
7e0dd7aaf8c44f15,https://bj.linkedin.com/jobs/view/virtual-customer-support-agent-french-english-%E2%80%93-100%25-remote-at-talentpop-app-4435672394,Virtual Customer Support Agent (French/English) – 100% Remote,TalentPop App,posted,2026-07-11T07:25:14.855810,91
55f54bb1dd355fa1,https://bj.linkedin.com/jobs/view/visiting-faculty-required-department-of-graphic-arts-at-career-counseling-placement-centre-4439513462,Visiting Faculty Required (Department of Graphic Arts),,scraped,2026-07-11T07:25:35.341104,
d5590ef269a1fa26,https://bj.linkedin.com/jobs/view/visiting-faculty-required-department-of-graphic-design-at-career-counseling-placement-centre-4439506833,Visiting Faculty Required (Department of Graphic Design),,scraped,2026-07-11T07:25:42.441012,
65593264276d09c1,https://bj.linkedin.com/jobs/view/senior-graphic-designer-at-kamgoko-4438883936,Senior Graphic Designer,,scraped,2026-07-11T07:25:48.924608,
d93880991467817f,https://bj.linkedin.com/jobs/view/visiting-faculty-required-department-of-history-pakistan-studies-at-career-counseling-placement-centre-4439399963,Visiting Faculty Required (Department of History & Pakistan Studies),,scraped,2026-07-11T07:25:55.496124,
ffabc447e92575d0,https://bj.linkedin.com/jobs/view/senior-d%C3%A9veloppeur-frontend-vuejs-at-kamgoko-4439003032,Senior Développeur Frontend VueJS,,scraped,2026-07-11T07:26:02.417423,
7cef00f702db1db5,https://bj.linkedin.com/jobs/view/juriste-sp%C3%A9cialis%C3%A9-en-cadre-l%C3%A9gal-et-r%C3%A9glementaire-du-secteur-de-l%E2%80%99%C3%A9nergie-et-des-ppp-at-ntu-international-a-s-4439073464,Juriste spécialisé en cadre légal et réglementaire du secteur de l’énergie et des PPP,,scraped,2026-07-11T07:26:10.991624,
debdc8c9d1029373,https://bj.linkedin.com/jobs/view/visiting-faculty-required-department-of-sculpture-at-career-counseling-placement-centre-4439509716,Visiting Faculty Required (Department of Sculpture),,scraped,2026-07-11T11:37:32.319936,
2ee5a7b09e66a4ed,https://bj.linkedin.com/jobs/view/agent-de-support-client%C3%A8le-international-h-f-at-talentpop-app-4434886473,Agent de Support Clientèle International (H/F),TalentPop App,posted,2026-07-11T11:38:01.896809,151
4680bc882d37557f,https://bj.linkedin.com/jobs/view/p%C3%A9dopsychiatre-h-f-%E2%80%93-0-5-etp-pco-0-6-et-7-12-ans-at-epsm-de-l-agglom%C3%A9ration-lilloise-ght-psy-npdc-4438907854,"Pédopsychiatre (H/F) – 0,5 ETP (PCO 0/6 et 7/12 ans)",,scraped,2026-07-11T11:38:14.543752,
db9d47145e92c348,https://bj.linkedin.com/jobs/view/secr%C3%A9taire-de-bureau-at-suugu-marketing-4436621402,Secrétaire de bureau,SUUGU MARKETING,posted,2026-07-11T11:38:43.934925,153
c9b875f32e854863,https://bj.linkedin.com/jobs/view/directeur-commercial-et-marketing-4439310475,Directeur commercial et marketing,Loterie Nationale du Bénin SA,posted,2026-07-11T11:39:04.863792,155
96eb0a2431b19f60,https://bj.linkedin.com/jobs/view/ide-cmp-gravelines-at-epsm-de-l-agglom%C3%A9ration-lilloise-ght-psy-npdc-4438922435,IDE - CMP Gravelines,,scraped,2026-07-11T11:39:13.410864,
aff49541f5b11730,https://bj.linkedin.com/jobs/view/work-from-home-customer-support-%E2%80%93-french-speaking-at-talentpop-app-4434874731,Work-from-Home Customer Support – French Speaking,TalentPop App,posted,2026-07-11T11:39:41.257058,87
d6fbe839061132d6,https://bj.linkedin.com/jobs/view/work-from-home-customer-support-%E2%80%93-french-speaking-at-talentpop-app-4434879384,Work-from-Home Customer Support – French Speaking,TalentPop App,scraped,2026-07-11T11:39:45.356473,
fde39caf782b0cbf,https://bj.linkedin.com/jobs/view/francophone-customer-support-representative-%E2%80%93-remote-at-talentpop-app-4434891203,Francophone Customer Support Representative – Remote,TalentPop App,posted,2026-07-11T11:39:54.857659,33
63f66b1f9e7776b1,https://bj.linkedin.com/jobs/view/psychiatres-at-epsm-de-l-agglom%C3%A9ration-lilloise-ght-psy-npdc-4438922445,PSYCHIATRES,,scraped,2026-07-11T11:40:09.550289,
7279c3bb953b1f69,https://bj.linkedin.com/jobs/view/virtual-customer-support-agent-french-english-%E2%80%93-100%25-remote-at-talentpop-app-4435674347,Virtual Customer Support Agent (French/English) – 100% Remote,TalentPop App,posted,2026-07-11T15:37:55.899593,91
028b44c028cffd65,https://bj.linkedin.com/jobs/view/%C3%A9diteur-vid%C3%A9o-at-kamgoko-4438880979,Éditeur vidéo,,scraped,2026-07-11T15:37:58.450655,
11701d69c0ef6b86,https://bj.linkedin.com/jobs/view/responsable-des-op%C3%A9rations-at-kamgoko-4438894569,Responsable des Opérations,,scraped,2026-07-11T15:38:04.886840,
43e5878f699c8608,https://bj.linkedin.com/jobs/view/french-speaking-customer-support-specialist-at-talentpop-app-4434882495,French-Speaking Customer Support Specialist,TalentPop App,posted,2026-07-11T15:38:40.554352,115
2ff4b6017e7e08ce,https://bj.linkedin.com/jobs/view/french-speaking-customer-support-specialist-at-talentpop-app-4434880436,French-Speaking Customer Support Specialist,TalentPop App,scraped,2026-07-11T15:38:44.567411,
791761e744d84d08,https://bj.linkedin.com/jobs/view/medecin-generaliste-a-temps-partiel-at-epsm-de-l-agglom%C3%A9ration-lilloise-ght-psy-npdc-4438909782,MEDECIN GENERALISTE A TEMPS PARTIEL,,scraped,2026-07-11T15:39:13.165647,
a8dbadc449a58fc0,https://bj.linkedin.com/jobs/view/govex-public-health-division-director-nmdoh-at-office-of-governor-michelle-lujan-grisham-4439562333,GOVEX Public Health Division Director - NMDOH,Office of Governor Michelle Lujan Grisham,posted,2026-07-11T18:40:31.500183,157
5e20d63917c17dd9,https://bj.linkedin.com/jobs/view/pedopsychiatre-sur-le-littoral-dunkerquois-at-epsm-de-l-agglom%C3%A9ration-lilloise-ght-psy-npdc-4438925204,PEDOPSYCHIATRE SUR LE LITTORAL DUNKERQUOIS,,scraped,2026-07-11T20:51:47.740546,
f838957954bbab83,https://bj.linkedin.com/jobs/view/medecin-du-travail-at-epsm-de-l-agglom%C3%A9ration-lilloise-ght-psy-npdc-4437345787,MEDECIN DU TRAVAIL,,scraped,2026-07-11T20:52:01.103784,
981d8f97f82bc9c8,https://bj.linkedin.com/jobs/view/pedopsychiatres-at-epsm-de-l-agglom%C3%A9ration-lilloise-ght-psy-npdc-4438911726,PEDOPSYCHIATRES,,scraped,2026-07-11T20:52:08.497770,
edbb990a564efa03,https://bj.linkedin.com/jobs/view/secr%C3%A9taire-at-dynamic-power-energy-4438930044,Secrétaire,,scraped,2026-07-11T20:52:27.696057,
faa9ed160fbe4ece,https://bj.linkedin.com/jobs/view/senior-business-development-executive-at-terawork-4439303025,Senior Business Development Executive,,scraped,2026-07-11T20:53:04.140558,
adc04f515af2a0cf,https://bj.linkedin.com/jobs/view/open-position-at-cognizant-4411396765,OPEN POSITION,Cognizant,posted,2026-07-13T18:53:22.950055,159
f60d75d29b5d6617,https://bj.linkedin.com/jobs/view/po-assisted-channels-payments-at-cognizant-4371787463,PO Assisted Channels (Payments),Cognizant,posted,2026-07-13T18:53:34.549164,161
a8a60b016b7cd2f5,https://bj.linkedin.com/jobs/view/human-resources-manager-h-f-at-netis-group-4439158455,Human Resources Manager (H/F),,scraped,2026-07-13T18:53:39.224816,
e86dc49933a6d58f,https://bj.linkedin.com/jobs/view/responsable-lots-techniques-cfo-cfa-h-f-at-sgtm-soci%C3%A9t%C3%A9-g%C3%A9n%C3%A9rale-des-travaux-du-maroc-4437271862,Responsable Lots Techniques CFO/CFA (H/F),SGTM (Société Générale des Travaux du Maroc),posted,2026-07-13T18:54:02.900857,163
064b2730749634ea,https://bj.linkedin.com/jobs/view/commercial-en-assurances-vie-at-sunu-assurances-b%C3%A9nin-4439073810,Commercial en Assurances Vie,,scraped,2026-07-13T18:54:05.467031,
d65fa3d2d9eaf4d9,https://bj.linkedin.com/jobs/view/expert-senior-en-politique-%C3%A9nerg%C3%A9tique-at-ntu-international-a-s-4440015942,Expert Senior en Politique Énergétique,,scraped,2026-07-13T18:54:20.122982,
e853c8da9b3c49fe,https://bj.linkedin.com/jobs/view/devops-engineer-at-cognizant-4391390934,DevOps Engineer,Cognizant,posted,2026-07-13T18:55:35.412284,165
3370af244646e08d,https://bj.linkedin.com/jobs/view/director-of-planning-development-at-raymond-nh-police-department-4440956686,Director of Planning & Development,"RAYMOND, NH POLICE DEPARTMENT",posted,2026-07-15T17:52:02.740712,167
f3d7824138f0986f,https://bj.linkedin.com/jobs/view/infrastructure-project-origination-lead-porto-novo-benin-at-alliad-4438070529,"Infrastructure Project Origination Lead - Porto Novo, Benin",,scraped,2026-07-15T17:52:05.403645,
1dd029a4d435be5d,https://bj.linkedin.com/jobs/view/relationship-manager-arise-implant-china-corridor-at-african-export-import-bank-afreximbank-4440539103,Relationship Manager - ARISE Implant (China Corridor),African Export-Import Bank (Afreximbank),posted,2026-07-15T17:52:29.900813,169
6ad5295626a5322b,https://bj.linkedin.com/jobs/view/communications-officer-at-boone-center-for-the-family-4440819403,Communications Officer,Boone Center for the Family,posted,2026-07-15T17:52:41.876955,171
95e8a0a46e7ae329,https://bj.linkedin.com/jobs/view/consultant-national-sp%C3%A9cialiste-en-gestion-des-connaissances-pour-la-documentation-au-fil-de-l%E2%80%99eau-continue-du-projet-de-lutte-anti-larvaire-par-drone-au-b%C3%A9nin-sur-site-%2B-voyages-%23594487-at-unicef-bangladesh-4440236384,"Consultant national Spécialiste en Gestion des Connaissances pour la documentation au fil de l’eau (continue) du projet de lutte anti larvaire par drone au Bénin, sur site + voyages, #594487",,scraped,2026-07-15T17:52:44.461826,
e688b8d2c420e8eb,https://bj.linkedin.com/jobs/view/deputy-representative-operations-p-4-ta-6-months-%23138048-cotonou-benin-wcar-at-unicef-chad-4438020242,"Deputy Representative Operations (P-4), TA (6 months), #138048, Cotonou, Benin - WCAR",Unicef CHAD,posted,2026-07-15T17:53:07.253462,173
5175a8f03dee1743,https://bj.linkedin.com/jobs/view/deputy-representative-operations-p-4-ta-6-months-%23138048-cotonou-benin-wcar-at-unicef-mk-4439908261,"Deputy Representative Operations (P-4), TA (6 months), #138048, Cotonou, Benin - WCAR",,scraped,2026-07-15T17:53:11.964205,
e164d7b1167eaddf,https://bj.linkedin.com/jobs/view/agent-de-support-client%C3%A8le-international-h-f-at-talentpop-app-4434893019,Agent de Support Clientèle International (H/F),TalentPop App,posted,2026-07-15T17:53:31.895909,175
42c3a0807ad8c28e,https://bj.linkedin.com/jobs/view/rejoignez-l-%C3%A9lite-du-support-client-bilingue-fran%C3%A7ais-anglais-%E2%80%93-100-%25-t%C3%A9l%C3%A9travail-%21-at-talentpop-app-4437648717,Rejoignez l'élite du support client bilingue (Français/Anglais) – 100 % Télétravail !,TalentPop App,posted,2026-07-15T17:53:50.790433,177
d242294d810aec50,https://bj.linkedin.com/jobs/view/rejoignez-l-%C3%A9lite-du-support-client-bilingue-fran%C3%A7ais-anglais-%E2%80%93-100-%25-t%C3%A9l%C3%A9travail-%21-at-talentpop-app-4437649721,Rejoignez l'élite du support client bilingue (Français/Anglais) – 100 % Télétravail !,TalentPop App,posted,2026-07-15T17:54:15.024216,179
11cd9db68b6663ed,https://bj.linkedin.com/jobs/view/agent-de-support-client%C3%A8le-international-h-f-at-talentpop-app-4437659005,Agent de Support Clientèle International (H/F),TalentPop App,posted,2026-07-15T17:54:27.167203,181
475b261afedabb0a,https://bj.linkedin.com/jobs/view/french-customer-support-specialist-bilingual-fr-en-non-voice-blended-remote-at-talentpop-app-4437652240,French Customer Support Specialist (Bilingual FR/EN | Non-Voice/Blended | Remote),TalentPop App,posted,2026-07-15T17:54:36.438238,93
2ea37efaebe3c3e7,https://bj.linkedin.com/jobs/view/remote-french-bilingual-customer-support-representative-at-talentpop-app-4437633997,Remote French Bilingual Customer Support Representative,TalentPop App,posted,2026-07-15T17:54:41.802480,107
cd063c0954ef31f8,https://bj.linkedin.com/jobs/view/repr%C3%A9sentant-e-du-service-%C3%A0-la-client%C3%A8le-bilingue-fran%C3%A7ais-anglais-%E2%80%94-t%C3%A9l%C3%A9travail-at-talentpop-app-4437658015,Représentant(e) du Service à la Clientèle Bilingue (Français/Anglais) — Télétravail,TalentPop App,posted,2026-07-15T17:54:55.827631,183
a1a6e018a205ed71,https://bj.linkedin.com/jobs/view/agent-de-support-client%C3%A8le-international-h-f-at-talentpop-app-4437646668,Agent de Support Clientèle International (H/F),TalentPop App,posted,2026-07-15T17:55:11.807477,185
3d3099aa27e65caf,https://bj.linkedin.com/jobs/view/agent-de-support-client%C3%A8le-international-h-f-at-talentpop-app-4437651196,Agent de Support Clientèle International (H/F),TalentPop App,scraped,2026-07-15T17:55:17.895680,
b9b9d65b3a603d52,https://bj.linkedin.com/jobs/view/digital-sales-support-representative-at-talentpop-app-4434891148,Digital Sales & Support Representative,TalentPop App,posted,2026-07-15T17:55:23.152959,83
7c7af9510d3c06da,https://bj.linkedin.com/jobs/view/french-bilingual-customer-service-specialist-at-talentpop-app-4437658023,French Bilingual Customer Service Specialist,TalentPop App,posted,2026-07-15T17:55:30.145711,37
4da2dd0dac7021ba,https://bj.linkedin.com/jobs/view/remote-french-bilingual-customer-support-representative-at-talentpop-app-4437636933,Remote French Bilingual Customer Support Representative,TalentPop App,posted,2026-07-15T17:55:47.409442,107
0eb2c3fc122b865c,https://bj.linkedin.com/jobs/view/repr%C3%A9sentant-e-du-service-%C3%A0-la-client%C3%A8le-bilingue-fran%C3%A7ais-anglais-%E2%80%94-t%C3%A9l%C3%A9travail-at-talentpop-app-4437656124,Représentant(e) du Service à la Clientèle Bilingue (Français/Anglais) — Télétravail,TalentPop App,posted,2026-07-15T17:55:58.508002,187
6fc58ae6d1d582b5,https://bj.linkedin.com/jobs/view/phd-fellowship-in-translational-metabolic-human-research-at-department-of-pharmacy-university-of-copenhagen-4440595276,PhD fellowship in translational metabolic human research,,scraped,2026-07-15T17:56:07.016241,
cceb5929b73e55e6,https://bj.linkedin.com/jobs/view/responsable-lots-techniques-fluides-at-sgtm-soci%C3%A9t%C3%A9-g%C3%A9n%C3%A9rale-des-travaux-du-maroc-4437281258,Responsable lots techniques fluides,SGTM (Société Générale des Travaux du Maroc),posted,2026-07-15T17:56:23.331752,189
f467eda6c6096bcb,https://bj.linkedin.com/jobs/view/expert-senior-en-r%C3%A9formes-institutionnelles-at-ntu-international-a-s-4440569438,Expert Senior en Réformes Institutionnelles,,scraped,2026-07-15T17:56:28.018260,
0fd8267db080ddc8,https://bj.linkedin.com/jobs/view/chef-de-mission-senior-det-batiment-at-soci%C3%A9t%C3%A9-de-d%C3%A9veloppement-de-projets-4440975465,Chef de Mission senior DET batiment,Société de Développement de Projets,posted,2026-07-15T17:56:45.188199,191
bb73ba83bcc3341f,https://bj.linkedin.com/jobs/view/assistant-professor-bba-at-institute-of-professional-studies-and-research-ipsar-4440633616,Assistant Professor - BBA,Institute of Professional Studies And Research (IPSAR),posted,2026-07-17T16:55:55.726835,193
19114f0928ee5504,https://bj.linkedin.com/jobs/view/treasury-lead-at-astro-energy-a-e-4441171178,Treasury Lead,ASTRO ENERGY (A-E),posted,2026-07-17T16:56:05.268551,195
b2cb641b913f6d26,https://bj.linkedin.com/jobs/view/chef-ffe-concierge-at-sofitel-4441306219,chef-ffe Concierge,,scraped,2026-07-17T16:56:15.958456,
6b0bdf72ae8be669,https://bj.linkedin.com/jobs/view/technology-utilisation-representative-northern-europe-at-caterpillar-inc-4441267039,Technology Utilisation Representative - Northern Europe,Caterpillar Inc.,posted,2026-07-17T16:56:31.902425,197
b757a85e4f5c0cbb,https://bj.linkedin.com/jobs/view/coordinateur-trice-talents-culture-at-sofitel-4441198565,Coordinateur -trice Talents & Culture,,scraped,2026-07-17T16:56:34.442199,
2660eb0c126cd279,https://bj.linkedin.com/jobs/view/r%C3%A9f%C3%A9rent-e-d%C3%A9partemental-e-smn-at-jhpiego-4441482475,Référent.e départemental.e SMN,Jhpiego,posted,2026-07-17T16:56:49.961754,199
61f0dc657538eb37,https://bj.linkedin.com/jobs/view/ing%C3%A9nieur-chimiste-at-cinef-s-a-s-4439234329,Ingénieur chimiste,,scraped,2026-07-17T16:56:54.622309,
a3d1ad1822ffa504,https://bj.linkedin.com/jobs/view/manager-global-partnerships-trial-optimization-at-regeneron-4423211342,Manager Global Partnerships & Trial Optimization,Regeneron,posted,2026-07-17T16:57:11.675311,201
51e9a7e5f1a33a41,https://bj.linkedin.com/jobs/view/expert-senior-ppp-participation-du-secteur-priv%C3%A9-at-ntu-international-a-s-4441215163,Expert Senior PPP / Participation du Secteur Privé,,scraped,2026-07-17T16:57:16.267616,
b1a1822e2e3ef919,https://bj.linkedin.com/jobs/view/conseiller-client-t%C3%A9l%C3%A9com-f-h-service-client-at-concentrix-4430204788,Conseiller client - Télécom - (F/H)- Service Client,Concentrix,posted,2026-07-17T16:57:29.406546,203
cb4c7536206820ac,https://bj.linkedin.com/jobs/view/charg%C3%A9-e-de-communication-digitale-at-sofitel-4441301370,Chargé(e) de Communication digitale,,scraped,2026-07-17T16:57:34.028742,
3bbbd0d006f3034e,https://bj.linkedin.com/jobs/view/virtual-customer-support-agent-french-english-%E2%80%93-100%25-remote-at-talentpop-app-4438433841,Virtual Customer Support Agent (French/English) – 100% Remote,TalentPop App,posted,2026-07-17T16:57:44.842365,91
22884c715440ecd2,https://bj.linkedin.com/jobs/view/virtual-customer-support-agent-french-english-%E2%80%93-100%25-remote-at-talentpop-app-4438444177,Virtual Customer Support Agent (French/English) – 100% Remote,TalentPop App,scraped,2026-07-17T16:57:48.856042,
66fd763db9c1dccc,https://bj.linkedin.com/jobs/view/work-from-home-customer-support-%E2%80%93-french-speaking-at-talentpop-app-4438441686,Work-from-Home Customer Support – French Speaking,TalentPop App,posted,2026-07-17T16:57:54.058019,87
a7c7d77c0b372bd6,https://bj.linkedin.com/jobs/view/work-from-home-customer-support-%E2%80%93-french-speaking-at-talentpop-app-4438434835,Work-from-Home Customer Support – French Speaking,TalentPop App,scraped,2026-07-17T16:57:58.183120,
d2cbf02df4d9830b,https://bj.linkedin.com/jobs/view/bilingual-customer-support-specialist-french-english-100%25-remote-at-talentpop-app-4438713414,Bilingual Customer Support Specialist (French/English) - 100% Remote,TalentPop App,posted,2026-07-17T16:58:03.028396,85
b49efb0886ad414f,https://bj.linkedin.com/jobs/view/bilingual-customer-support-specialist-french-english-100%25-remote-at-talentpop-app-4438715060,Bilingual Customer Support Specialist (French/English) - 100% Remote,TalentPop App,posted,2026-07-17T16:58:07.805747,85
640ceaf4c69e4b3c,https://bj.linkedin.com/jobs/view/french-bilingual-customer-service-specialist-at-talentpop-app-4438784932,French Bilingual Customer Service Specialist,TalentPop App,posted,2026-07-17T16:58:12.618598,37
f45ba0274e0a4b21,https://bj.linkedin.com/jobs/view/french-bilingual-customer-service-specialist-at-talentpop-app-4437646717,French Bilingual Customer Service Specialist,TalentPop App,scraped,2026-07-17T16:58:16.754767,
00f6ab4bcfb8c346,https://bj.linkedin.com/jobs/view/virtual-customer-support-agent-french-english-%E2%80%93-100%25-remote-at-talentpop-app-4438430983,Virtual Customer Support Agent (French/English) – 100% Remote,TalentPop App,posted,2026-07-17T16:58:21.597194,91
18c20cd4fdba9701,https://bj.linkedin.com/jobs/view/virtual-customer-support-agent-french-english-%E2%80%93-100%25-remote-at-talentpop-app-4438444229,Virtual Customer Support Agent (French/English) – 100% Remote,TalentPop App,posted,2026-07-17T16:58:26.406015,91
5570fac63f6616a7,https://bj.linkedin.com/jobs/view/virtual-customer-support-agent-french-english-%E2%80%93-100%25-remote-at-talentpop-app-4438434816,Virtual Customer Support Agent (French/English) – 100% Remote,TalentPop App,scraped,2026-07-17T16:58:30.532292,
968de519b6732e0b,https://bj.linkedin.com/jobs/view/repr%C3%A9sentant-e-du-service-%C3%A0-la-client%C3%A8le-bilingue-fran%C3%A7ais-anglais-%E2%80%94-t%C3%A9l%C3%A9travail-at-talentpop-app-4438796242,Représentant(e) du Service à la Clientèle Bilingue (Français/Anglais) — Télétravail,TalentPop App,posted,2026-07-17T16:58:40.122084,205
32b50faef98f0532,https://bj.linkedin.com/jobs/view/sp%C3%A9cialiste-bilingue-fran%C3%A7ais-anglais-du-support-client-%E2%80%94-voix-et-chat-at-talentpop-app-4438431898,Spécialiste Bilingue (Français/Anglais) du Support Client — Voix et Chat,TalentPop App,posted,2026-07-17T16:58:48.486170,207
44442bdc0f8df12d,https://bj.linkedin.com/jobs/view/repr%C3%A9sentant-e-du-service-%C3%A0-la-client%C3%A8le-bilingue-fran%C3%A7ais-anglais-%E2%80%94-t%C3%A9l%C3%A9travail-at-talentpop-app-4438792426,Représentant(e) du Service à la Clientèle Bilingue (Français/Anglais) — Télétravail,TalentPop App,posted,2026-07-17T16:58:57.397907,209
a58e20cfb053f254,https://bj.linkedin.com/jobs/view/virtual-customer-support-agent-french-english-%E2%80%93-100%25-remote-at-talentpop-app-4438447115,Virtual Customer Support Agent (French/English) – 100% Remote,TalentPop App,posted,2026-07-17T16:59:02.122482,91
344ed34cbf50c6c7,https://bj.linkedin.com/jobs/view/french-customer-support-specialist-bilingual-fr-en-non-voice-blended-remote-at-talentpop-app-4438786808,French Customer Support Specialist (Bilingual FR/EN | Non-Voice/Blended | Remote),TalentPop App,posted,2026-07-17T16:59:06.819846,93
a458a05ee362442d,https://bj.linkedin.com/jobs/view/french-customer-support-specialist-bilingual-fr-en-non-voice-blended-remote-at-talentpop-app-4438784925,French Customer Support Specialist (Bilingual FR/EN | Non-Voice/Blended | Remote),TalentPop App,posted,2026-07-17T16:59:11.396555,93
25c484988fcff737,https://bj.linkedin.com/jobs/view/graduate-program-ing%C3%A9nieur-qhse-f-h-at-vinci-4442106265,Graduate Program Ingénieur QHSE F/H,,scraped,2026-07-17T16:59:14.104487,
39654aecccbe7e89,https://bj.linkedin.com/jobs/view/french-bilingual-customer-service-specialist-at-talentpop-app-4438797232,French Bilingual Customer Service Specialist,TalentPop App,posted,2026-07-17T16:59:23.943657,37
56afc2a0a7c5bd15,https://bj.linkedin.com/jobs/view/skills-trainer-paraprofessional-at-bayada-home-health-care-4441187058,Skills Trainer /Paraprofessional,BAYADA Home Health Care,posted,2026-07-17T16:59:34.042920,211
ade4f0cfec4bd346,https://bj.linkedin.com/jobs/view/french-bilingual-customer-service-specialist-at-talentpop-app-4439200124,French Bilingual Customer Service Specialist,TalentPop App,posted,2026-07-17T16:59:38.707769,37
53da22d4d334bf23,https://bj.linkedin.com/jobs/view/teamlead-support-hardware-at-bechtle-4438712496,Teamlead Support Hardware,,scraped,2026-07-17T16:59:41.343782,
5ab3b6124bc5ebec,https://bj.linkedin.com/jobs/view/french-customer-support-specialist-bilingual-fr-en-non-voice-blended-remote-at-talentpop-app-4438794292,French Customer Support Specialist (Bilingual FR/EN | Non-Voice/Blended | Remote),TalentPop App,posted,2026-07-17T16:59:51.809894,93
0d98afe19bb9dcf7,https://bj.linkedin.com/jobs/view/medical-student-4441636040,Medical Student,CHUD BORGOU-ALIBORI,posted,2026-07-17T16:59:58.590131,213
7e40e0908785f388,https://bj.linkedin.com/jobs/view/expert-senior-financement-de-l%E2%80%99acc%C3%A8s-%C3%A0-l%E2%80%99%C3%A9lectricit%C3%A9-at-ntu-international-a-s-4442125212,Expert Senior Financement de l’Accès à l’Électricité,,scraped,2026-07-17T17:00:01.256983,
464fd75311ef1c47,https://bj.linkedin.com/jobs/view/repr%C3%A9sentant-e-du-service-%C3%A0-la-client%C3%A8le-bilingue-fran%C3%A7ais-anglais-%E2%80%94-t%C3%A9l%C3%A9travail-at-talentpop-app-4437654171,Représentant(e) du Service à la Clientèle Bilingue (Français/Anglais) — Télétravail,TalentPop App,scraped,2026-07-17T17:00:12.113248,
da4243b197ddfad2,https://bj.linkedin.com/jobs/view/remote-french-bilingual-customer-support-representative-at-talentpop-app-4437648657,Remote French Bilingual Customer Support Representative,TalentPop App,posted,2026-07-17T17:00:19.676223,107
ad95471b1d9a7035,https://bj.linkedin.com/jobs/view/remote-business-account-rater-french-at-turing-4441157503,Remote Business Account Rater - French,Turing,posted,2026-07-17T17:00:29.341083,215
4e916bd6857ca38c,https://bj.linkedin.com/jobs/view/expert-senior-mini-r%C3%A9seaux-%C3%A9lectriques-at-ntu-international-a-s-4441600330,Expert Senior Mini-Réseaux Électriques,,scraped,2026-07-17T17:00:34.021018,
5c0095c01a3f25e3,https://bj.linkedin.com/jobs/view/comptable-g%C3%A9n%C3%A9ral-at-maasil-inc-tops-profils-temps-plein-de-madagascar-maurice-b%C3%A9nin-4439491872,Comptable Général,,scraped,2026-07-19T16:16:25.196596,
08f887a402e5abff,https://bj.linkedin.com/jobs/view/assistant-comptable-fournisseurs-at-maasil-inc-tops-profils-temps-plein-de-madagascar-maurice-b%C3%A9nin-4439496713,Assistant Comptable Fournisseurs,,scraped,2026-07-19T16:16:31.733898,
9191efa7e69ee808,https://bj.linkedin.com/jobs/view/directeur-de-la-restauration-at-accor-4441382709,Directeur de la restauration,Accor,posted,2026-07-19T16:16:48.791083,217
6e944c81378f1834,https://bj.linkedin.com/jobs/view/chief-social-policy-p-4-ft-%23058657-cotonou-benin-wcar-at-unicef-4440591350,"Chief Social Policy, (P-4), FT, #058657, Cotonou - Benin, WCAR",UNICEF,posted,2026-07-19T16:17:11.205874,219
047d5b617e94977a,https://bj.linkedin.com/jobs/view/consultant-national-sp%C3%A9cialiste-en-gestion-des-connaissances-pour-la-documentation-au-fil-de-l%E2%80%99eau-continue-du-projet-de-lutte-anti-larvaire-par-drone-au-b%C3%A9nin-sur-site-%2B-voyages-%23594487-at-unicef-4441225167,"Consultant national Spécialiste en Gestion des Connaissances pour la documentation au fil de l’eau (continue) du projet de lutte anti larvaire par drone au Bénin, sur site + voyages, #594487",UNICEF,posted,2026-07-19T16:17:26.268263,221
b96ecdd53a67e330,https://bj.linkedin.com/jobs/view/chief-social-policy-p-4-ft-%23058657-cotonou-benin-wcar-at-unicef-chad-4438016271,"Chief Social Policy, (P-4), FT, #058657, Cotonou - Benin, WCAR",Unicef CHAD,posted,2026-07-19T16:17:33.966631,219
2966b7edce3df526,https://bj.linkedin.com/jobs/view/commercial-at-beninvest-assurances-4438711144,Commercial,,scraped,2026-07-19T16:17:36.577638,
82eb1c16897fd2bb,https://bj.linkedin.com/jobs/view/graduate-program-ing%C3%A9nieur-qhse-f-h-at-vinci-construction-4442137669,Graduate Program Ingénieur QHSE F/H,,scraped,2026-07-19T16:17:43.427230,
1ff9d718ef9059b7,https://bj.linkedin.com/jobs/view/consultant-e-national-pour-l%E2%80%99%C3%A9laboration-d%E2%80%99un-guide-int%C3%A9gr%C3%A9-d%E2%80%99animation-des-eae-incluant-%C3%A9ducation-protection-sant%C3%A9-nutrition-et-changement-climatique-cotonou-remote-%2B-travel-594437-at-unicef-chad-4438011407,"Consultant(e) national pour l’élaboration d’un guide intégré d’animation des EAE incluant éducation, protection, santé, nutrition et changement climatique, Cotonou, Remote + travel 594437",Unicef CHAD,posted,2026-07-19T16:18:00.740800,223
01ea1e3501479c79,https://bj.linkedin.com/jobs/view/french-speaking-customer-support-specialist-at-talentpop-app-4437655112,French-Speaking Customer Support Specialist,TalentPop App,posted,2026-07-19T16:18:05.693023,115
45c0239c10e2fe54,https://bj.linkedin.com/jobs/view/visiting-faculty-required-department-of-physics-at-career-counseling-placement-centre-4441929287,Visiting Faculty Required (Department of Physics),,scraped,2026-07-19T16:18:08.197781,
854543ca31ee6fec,https://bj.linkedin.com/jobs/view/charg%C3%A9-de-client%C3%A8le-bilingue-anglais-fran%C3%A7ais-100%25-t%C3%A9l%C3%A9travail-at-talentpop-app-4438497890,Chargé de Clientèle Bilingue (Anglais/Français) - 100% Télétravail,TalentPop App,posted,2026-07-19T16:18:23.415312,225
b3f56d3fd793ee18,https://bj.linkedin.com/jobs/view/charg%C3%A9-de-client%C3%A8le-bilingue-anglais-fran%C3%A7ais-100%25-t%C3%A9l%C3%A9travail-at-talentpop-app-4438707742,Chargé de Clientèle Bilingue (Anglais/Français) - 100% Télétravail,TalentPop App,posted,2026-07-19T16:18:30.711266,227
cf95517bbf6dbab1,https://bj.linkedin.com/jobs/view/charg%C3%A9-e-des-moyens-g%C3%A9n%C3%A9raux-f-h-at-concentrix-4439267695,Chargé(e) des Moyens Généraux (F/H),Concentrix,posted,2026-07-19T16:18:39.318580,229
c18faf62790b8580,https://bj.linkedin.com/jobs/view/customer-service-specialist-4442524154,Customer Service Specialist,Centrimex,posted,2026-07-19T16:18:50.349052,231
e2cbeee3a8b4cef0,https://bj.linkedin.com/jobs/view/full-time-driver-at-morris-township-4439683446,Full-Time Driver,Morris Township,posted,2026-07-21T17:57:29.300809,233
efd530785b4f74b0,https://bj.linkedin.com/jobs/view/benin-at-orange-corners-sudan-4443513249,Benin,,scraped,2026-07-21T17:57:32.892017,
89b4b016bb359cdb,https://bj.linkedin.com/jobs/view/department-of-public-works-truck-driver-at-ionia-theatre-4442276872,Department of Public Works Truck Driver,Ionia Theatre,posted,2026-07-21T17:57:48.644277,235
77a6efd4757266f8,https://bj.linkedin.com/jobs/view/charg%C3%A9-e-moyens-g%C3%A9n%C3%A9raux-f-h-cotonou-fran%C3%A7ais-anglais-at-concentrix-4440176077,Chargé(e) Moyens Généraux (F/H) - Cotonou - Français -Anglais,Concentrix,posted,2026-07-21T17:57:58.029543,237
a1a0c8d74a70d8df,https://bj.linkedin.com/jobs/view/full-time-assistant-mechanic-at-morris-township-4439697047,Full-Time Assistant Mechanic,Morris Township,posted,2026-07-21T17:58:08.949791,239
95c209c8fd1f748b,https://bj.linkedin.com/jobs/view/equipment-operator-truck-driver-laborer-water-service-tech-at-raymond-nh-police-department-4441447793,Equipment Operator/Truck Driver/ Laborer/ Water Service Tech,"RAYMOND, NH POLICE DEPARTMENT",posted,2026-07-21T17:58:21.592225,241
b343a59b661fb33e,https://bj.linkedin.com/jobs/view/phd-fellowship-in-pharmaceutical-informatics-at-department-of-pharmacy-university-of-copenhagen-4442515100,PhD fellowship in Pharmaceutical Informatics,,scraped,2026-07-21T17:58:24.247124,
df57be75038d1041,https://bj.linkedin.com/jobs/view/audio-annotator-french-at-braintrust-4438470189,Audio Annotator - French,Braintrust,posted,2026-07-21T17:58:37.462267,243
c9eac9a97e146410,https://bj.linkedin.com/jobs/view/azure-architect-at-odixcity-consulting-4443099071,Azure Architect,Odixcity Consulting,posted,2026-07-21T17:58:45.323152,245
7c6c4e815e393787,https://bj.linkedin.com/jobs/view/sales-specialist-at-zoomlion-4441948610,Sales Specialist,,scraped,2026-07-21T17:58:47.932826,
725968c8902c43cf,https://bj.linkedin.com/jobs/view/senior-system-cloud-engineer-at-webb-fontaine-4441192648,Senior System/Cloud Engineer,,scraped,2026-07-21T17:58:54.836540,
4563cafb3f0d19bc,https://bj.linkedin.com/jobs/view/cms-developer-at-odixcity-consulting-4442744118,CMS Developer,Odixcity Consulting,posted,2026-07-21T17:59:06.970644,247
f7625978363e5366,https://bj.linkedin.com/jobs/view/junior-non-key-experts-in-the-digital-connectivity-study-for-agriculture-and-education-prida-ii-at-ntu-international-a-s-4442595659,Junior Non Key Experts in the Digital Connectivity Study for Agriculture and Education (PRIDA II),,scraped,2026-07-21T17:59:11.449617,
1ef3d85dcd8a4df7,https://bj.linkedin.com/jobs/view/wine-specialist-at-osteria-del-tasso-4443155533,WINE SPECIALIST,Osteria del Tasso,failed|wp_post_failed,2026-07-23T18:00:33.706620,
89faa5692429be67,https://bj.linkedin.com/jobs/view/corporate-english-trainer-at-gofluent-4441513036,Corporate English Trainer,,scraped,2026-07-23T18:00:38.318809,
a4b08d8c5898b52a,https://bj.linkedin.com/jobs/view/gestionnaire-de-paie-support-client-at-maasil-inc-tops-profils-temps-plein-de-madagascar-maurice-b%C3%A9nin-4443710927,Gestionnaire de paie & support client,,scraped,2026-07-23T18:00:50.470218,
0a6ebf6c25ce08dc,https://bj.linkedin.com/jobs/view/corporate-english-trainer-at-gofluent-4443830120,Corporate English Trainer,,scraped,2026-07-23T18:00:59.459153,
0179b18fc01900dd,https://bj.linkedin.com/jobs/view/operations-manager-iii-at-city-of-hyattsville-maryland-4443578647,Operations Manager III,"City of Hyattsville, Maryland",failed|wp_post_failed,2026-07-23T18:01:14.153436,
e6210e30a6d8e51f,https://bj.linkedin.com/jobs/view/trust-and-safety-analyst-at-odixcity-consulting-4443079956,Trust and Safety Analyst,Odixcity Consulting,failed|wp_post_failed,2026-07-23T18:01:22.205445,
6b393443509f1c5b,https://bj.linkedin.com/jobs/view/multimedia-content-and-video-editor-at-odixcity-consulting-4443727808,Multimedia Content and Video Editor,Odixcity Consulting,failed|wp_post_failed,2026-07-23T18:01:30.194646,
2c7e4d78ae395126,https://bj.linkedin.com/jobs/view/a-i-trainer-at-odixcity-consulting-4443086722,A.I Trainer,Odixcity Consulting,failed|wp_post_failed,2026-07-23T18:01:38.228204,
5f032ec9fd19b650,https://bj.linkedin.com/jobs/view/excel-specialist-at-odixcity-consulting-4444270375,Excel Specialist,Odixcity Consulting,failed|wp_post_failed,2026-07-23T18:01:46.069000,
efdcb0b52d67eeac,https://bj.linkedin.com/jobs/view/responsable-ressources-humaines-cluster-benin-at-cma-cgm-4443878739,Responsable Ressources Humaines Cluster BENIN,CMA CGM,failed|wp_post_failed,2026-07-23T18:02:00.811766,
656d7809a1e14648,https://bj.linkedin.com/jobs/view/content-digital-media-officer-%F0%9F%87%A7%F0%9F%87%AF-at-african-education-innovation-group-aeig-4442703464,Content & Digital Media Officer 🇧🇯,African Education &amp; Innovation Group (AEIG),failed|wp_post_failed,2026-07-23T18:02:12.063627,
ada55b5894a213e2,https://bj.linkedin.com/jobs/view/video-content-reviewer-at-odixcity-consulting-4444256656,Video Content Reviewer,Odixcity Consulting,failed|wp_post_failed,2026-07-23T18:02:20.135533,
03edf5b6c4c9425b,https://bj.linkedin.com/jobs/view/senior-network-engineer-at-webb-fontaine-4441189990,Senior Network Engineer,,scraped,2026-07-23T18:02:24.758788,
625d64b34ed48efa,https://bj.linkedin.com/jobs/view/growth-marketer-at-maasil-inc-tops-profils-temps-plein-de-madagascar-maurice-b%C3%A9nin-4443731093,Growth Marketer,,scraped,2026-07-23T18:02:31.901344,
e5bf79c2f82d1213,https://bj.linkedin.com/jobs/view/sp%C3%A9cialiste-bilingue-fran%C3%A7ais-anglais-du-support-client-%E2%80%94-voix-et-chat-at-talentpop-app-4442981870,Spécialiste Bilingue (Français/Anglais) du Support Client — Voix et Chat,TalentPop App,failed|wp_post_failed,2026-07-23T18:02:50.020184,
864bcb2059db1e72,https://bj.linkedin.com/jobs/view/french%2Benglish-bilingual-customer-service-representative-at-talentpop-app-4443499362,French+English Bilingual Customer Service Representative,TalentPop App,failed|wp_post_failed,2026-07-23T18:02:58.162008,
ceb880d32e1cbdc1,https://bj.linkedin.com/jobs/view/french-speaking-customer-support-specialist-at-talentpop-app-4443492480,French-Speaking Customer Support Specialist,TalentPop App,failed|wp_post_failed,2026-07-23T18:03:08.125737,
97c61cdddd2aa4aa,https://bj.linkedin.com/jobs/view/french-speaking-customer-support-specialist-at-talentpop-app-4443810239,French-Speaking Customer Support Specialist,TalentPop App,scraped,2026-07-23T18:03:12.198399,
8ea0f3163b14bc89,https://bj.linkedin.com/jobs/view/french%2Benglish-bilingual-customer-service-representative-at-talentpop-app-4442998167,French+English Bilingual Customer Service Representative,TalentPop App,failed|wp_post_failed,2026-07-23T18:03:20.286657,
11d0c31fa382398c,https://bj.linkedin.com/jobs/view/french-customer-support-specialist-bilingual-fr-en-non-voice-blended-remote-at-talentpop-app-4443801385,French Customer Support Specialist (Bilingual FR/EN | Non-Voice/Blended | Remote),TalentPop App,failed|wp_post_failed,2026-07-23T18:03:28.312705,
68901851f5fa4ca2,https://bj.linkedin.com/jobs/view/french-bilingual-customer-service-specialist-at-talentpop-app-4443496479,French Bilingual Customer Service Specialist,TalentPop App,failed|wp_post_failed,2026-07-23T18:03:36.373059,
41c563cb9b514648,https://bj.linkedin.com/jobs/view/french-customer-support-specialist-bilingual-fr-en-non-voice-blended-remote-at-talentpop-app-4443495397,French Customer Support Specialist (Bilingual FR/EN | Non-Voice/Blended | Remote),TalentPop App,failed|wp_post_failed,2026-07-23T18:03:44.285578,
13dd8cfea6071e02,https://bj.linkedin.com/jobs/view/sp%C3%A9cialiste-bilingue-fran%C3%A7ais-anglais-du-support-client-%E2%80%94-voix-et-chat-at-talentpop-app-4442986612,Spécialiste Bilingue (Français/Anglais) du Support Client — Voix et Chat,TalentPop App,failed|wp_post_failed,2026-07-23T18:03:52.304210,
ca0eb36a58fd0197,https://bj.linkedin.com/jobs/view/french-bilingual-customer-service-specialist-at-talentpop-app-4442989436,French Bilingual Customer Service Specialist,TalentPop App,failed|wp_post_failed,2026-07-23T18:04:00.275202,
540c58d2c8f88039,https://bj.linkedin.com/jobs/view/french-bilingual-customer-service-specialist-at-talentpop-app-4443498376,French Bilingual Customer Service Specialist,TalentPop App,failed|wp_post_failed,2026-07-23T18:04:08.187952,
1628b8cd3bc71659,https://bj.linkedin.com/jobs/view/french-customer-support-specialist-bilingual-fr-en-non-voice-blended-remote-at-talentpop-app-4442989437,French Customer Support Specialist (Bilingual FR/EN | Non-Voice/Blended | Remote),TalentPop App,scraped,2026-07-23T18:04:12.506453,
f406a8f41d304f66,https://bj.linkedin.com/jobs/view/sp%C3%A9cialiste-bilingue-fran%C3%A7ais-anglais-du-support-client-%E2%80%94-voix-et-chat-at-talentpop-app-4443809295,Spécialiste Bilingue (Français/Anglais) du Support Client — Voix et Chat,TalentPop App,scraped,2026-07-23T18:04:16.843551,
ee87b1ffdc7deb72,https://bj.linkedin.com/jobs/view/full-stack-engineer-annotator-at-odixcity-consulting-4443718920,Full stack Engineer Annotator,Odixcity Consulting,failed|wp_post_failed,2026-07-23T18:04:24.965706,
dbf1a89353132e45,https://bj.linkedin.com/jobs/view/french-speaking-customer-support-specialist-at-talentpop-app-4443806404,French-Speaking Customer Support Specialist,TalentPop App,failed|wp_post_failed,2026-07-23T18:04:33.978626,
120c4b7fcb06f60d,https://bj.linkedin.com/jobs/view/french-speaking-customer-support-specialist-at-talentpop-app-4443804288,French-Speaking Customer Support Specialist,TalentPop App,scraped,2026-07-23T18:04:38.194758,
dbb86af2fa72c7b8,https://bj.linkedin.com/jobs/view/sp%C3%A9cialiste-bilingue-fran%C3%A7ais-anglais-du-support-client-%E2%80%94-voix-et-chat-at-talentpop-app-4443807308,Spécialiste Bilingue (Français/Anglais) du Support Client — Voix et Chat,TalentPop App,failed|wp_post_failed,2026-07-23T18:04:46.237114,
bd0b24d974c7541c,https://bj.linkedin.com/jobs/view/french-speaking-customer-support-specialist-at-talentpop-app-4443800347,French-Speaking Customer Support Specialist,TalentPop App,failed|wp_post_failed,2026-07-23T18:04:55.117653,
19de548c8242e848,https://bj.linkedin.com/jobs/view/sp%C3%A9cialiste-bilingue-fran%C3%A7ais-anglais-du-support-client-%E2%80%94-voix-et-chat-at-talentpop-app-4443491524,Spécialiste Bilingue (Français/Anglais) du Support Client — Voix et Chat,TalentPop App,scraped,2026-07-23T18:04:59.204560,
4f813a5650aa5fe3,https://bj.linkedin.com/jobs/view/chef-de-mission-cabinet-d-audit-expertise-comptable-h-f-cotonou-b%C3%A9nin-at-eburnie-service-4444405582,Chef de Mission - Cabinet d'Audit & Expertise Comptable H/F (Cotonou - Bénin),,scraped,2026-07-23T18:05:01.923754,
5a2e43342c55c3e3,https://bj.linkedin.com/jobs/view/appel-%C3%A0-b%C3%A9n%C3%A9vole-%E2%80%94-vid%C3%A9aste-at-association-senam-4444418469,APPEL À BÉNÉVOLE — VIDÉASTE,ASSOCIATION SENAM,failed|wp_post_failed,2026-07-23T18:05:15.087359,
cc40f3dbb961c4c7,https://bj.linkedin.com/jobs/view/expert-senior-%C3%A9conomiste-financier-at-ntu-international-a-s-4444444949,Expert Senior Économiste / Financier,,scraped,2026-07-23T18:05:17.637119,
e7fb69152b2b0c57,https://bj.linkedin.com/jobs/view/expert-senior-finance-verte-at-ntu-international-a-s-4444463626,Expert Senior Finance Verte,,scraped,2026-07-23T18:05:24.943752,
9d7d3340a9fb3c6b,https://bj.linkedin.com/jobs/view/cms-developer-at-odixcity-consulting-4443739111,CMS Developer,Odixcity Consulting,failed|wp_post_failed,2026-07-23T18:05:38.300669,
e49917de8762ee80,https://bj.linkedin.com/jobs/view/senior-field-application-engineer-cmos-image-sensor-at-silvaco-inc-4438749596,Senior Field Application Engineer - CMOS Image Sensor,Silvaco Inc,failed|wp_post_failed,2026-07-23T18:05:47.358413,
866fb9a8de32d59a,https://bj.linkedin.com/jobs/view/senior-malaria-advisor-dos-leap-global-benin-at-dexis-4383318018,"Senior Malaria Advisor, DOS LEAP Global - Benin",Dexis,failed|wp_post_failed,2026-07-23T18:05:55.500638,
67977c5a709ef152,https://bj.linkedin.com/jobs/view/stagiaire-auditeur-it-at-deloitte-4443877556,Stagiaire Auditeur IT,Deloitte,failed|wp_post_failed,2026-07-23T18:06:04.560705,
6e5e5b7b2d156ea3,https://bj.linkedin.com/jobs/view/expert-senior-audit-%C3%A9nerg%C3%A9tique-mesure-v%C3%A9rification-m-v-at-ntu-international-a-s-4443369593,Expert Senior Audit Énergétique / Mesure & Vérification (M&V),,scraped,2026-07-23T18:06:07.189885,
b84d1c329cb6b3c7,https://bj.linkedin.com/jobs/view/expert-senior-en-efficacit%C3%A9-%C3%A9nerg%C3%A9tique-at-ntu-international-a-s-4443321884,Expert Senior en Efficacité Énergétique,,scraped,2026-07-23T18:06:14.379239,
2641b0818a3a88a3,https://bj.linkedin.com/jobs/view/senior-non-key-experts-in-the-digital-connectivity-study-for-agriculture-prida-ii-at-ntu-international-a-s-4442733059,Senior Non Key Experts in the Digital Connectivity Study for Agriculture (PRIDA II),,scraped,2026-07-23T18:06:21.555903,
746596e90d0944ed,https://bj.linkedin.com/jobs/view/expert-senior-cuisson-propre-clean-cooking-at-ntu-international-a-s-4443934436,Expert Senior Cuisson Propre (Clean Cooking),,scraped,2026-07-23T18:06:28.866171,
048d2321334c0a40,https://bj.linkedin.com/jobs/view/freelance-d%C3%A9veloppeur-odoo-exp%C3%A9riment%C3%A9-afrique-de-l-ouest-at-esseyi-4443325705,Freelance - Développeur Odoo expérimenté (Afrique de l'Ouest),,scraped,2026-07-23T18:06:36.158960,
c3f786bebe28f58c,https://bj.linkedin.com/jobs/view/what-you-do-is-who-you-are-at-%CE%B2%CE%B9%CE%B2%CE%BB%CE%B9%CE%BF%CF%80%CF%89%CE%BB%CE%B5%CE%AF%CE%B1-%CE%B5%CF%85%CF%81%CE%B9%CF%80%CE%AF%CE%B4%CE%B7%CF%82-evripidis-bookstores-4444727425,What You Do Is Who You Are,,scraped,2026-07-25T16:16:24.305153,
c97919cc6a5b89d8,https://bj.linkedin.com/jobs/view/merchandiser-at-arise-iip-4444927033,Merchandiser,ARISE IIP,posted,2026-07-25T16:16:39.636139,249
bb3ccb7e97c3becf,https://bj.linkedin.com/jobs/view/customer-service-manager-at-regus-4444799846,Customer Service Manager,,scraped,2026-07-25T16:16:54.322232,
7e75c475f136788c,https://bj.linkedin.com/jobs/view/video-game-composer-at-odixcity-consulting-4444794326,Video game composer,Odixcity Consulting,posted,2026-07-25T16:17:16.128630,251
edcf7eae0af6c5e9,https://bj.linkedin.com/jobs/view/adjoint-e-directrice-talents-culture-at-sofitel-4442925711,Adjoint-e Directrice Talents & Culture,,scraped,2026-07-25T16:17:18.753694,
02ed51c5e0fcf979,https://bj.linkedin.com/jobs/view/computer-vision-annotator-at-odixcity-consulting-4444272080,Computer Vision Annotator,Odixcity Consulting,posted,2026-07-25T16:17:31.783258,253
5db04eb38a7f3577,https://bj.linkedin.com/jobs/view/repr%C3%A9sentant-e-du-service-%C3%A0-la-client%C3%A8le-bilingue-fran%C3%A7ais-anglais-%E2%80%94-t%C3%A9l%C3%A9travail-at-talentpop-app-4441505010,Représentant(e) du Service à la Clientèle Bilingue (Français/Anglais) — Télétravail,TalentPop App,posted,2026-07-25T16:17:40.417224,255
d3a945754a898de3,https://bj.linkedin.com/jobs/view/directeur-trice-de-compte-relation-client-jumeau-num%C3%A9rique-at-tehora-inc-4441590566,Directeur(trice) de compte / Relation client - Jumeau numérique,,scraped,2026-07-25T16:17:43.001968,
97e7e4461c5c3337,https://bj.linkedin.com/jobs/view/stormwater-manager-department-of-public-works-at-hudson-council-on-aging-4441567080,Stormwater Manager - Department of Public Works,Hudson Council On Aging,posted,2026-07-25T16:17:56.038127,257
773dd1e2ff9c3595,https://bj.linkedin.com/jobs/view/agent-e-administratif-ve-documentation-et-montage-des-soumissions-at-tehora-inc-4441597367,Agent(e) administratif(ve) - Documentation et montage des soumissions,,scraped,2026-07-25T16:17:58.568875,
fa40a13f860ade6f,https://bj.linkedin.com/jobs/view/web-content-analyst-annotator-at-odixcity-consulting-4443720913,Web content analyst annotator,Odixcity Consulting,posted,2026-07-25T16:18:11.968537,259
7f50346824721214,https://bj.linkedin.com/jobs/view/stagiaire-auditeur-financier-at-deloitte-4443835074,Stagiaire Auditeur financier,Deloitte,posted,2026-07-25T16:18:27.014235,261
1987603c20fb43c0,https://bj.linkedin.com/jobs/view/francophone-customer-support-representative-%E2%80%93-remote-at-talentpop-app-4441878932,Francophone Customer Support Representative – Remote,TalentPop App,posted,2026-07-25T16:18:32.005731,33
ee14a7f0b78d7f23,https://bj.linkedin.com/jobs/view/french%2Benglish-bilingual-customer-service-representative-at-talentpop-app-4442987527,French+English Bilingual Customer Service Representative,TalentPop App,posted,2026-07-25T16:18:39.869269,263
ecccf732f4327a6c,https://bj.linkedin.com/jobs/view/software-engineer-annotator-at-odixcity-consulting-4445291498,Software Engineer Annotator,Odixcity Consulting,posted,2026-07-25T16:18:47.895395,265
c9a53f5acaf1fa81,https://bj.linkedin.com/jobs/view/french-customer-support-specialist-bilingual-fr-en-non-voice-blended-remote-at-talentpop-app-4442990383,French Customer Support Specialist (Bilingual FR/EN | Non-Voice/Blended | Remote),TalentPop App,posted,2026-07-25T16:18:52.660910,93
4ced394d81959d47,https://bj.linkedin.com/jobs/view/french%2Benglish-bilingual-customer-service-representative-at-talentpop-app-4443805324,French+English Bilingual Customer Service Representative,TalentPop App,scraped,2026-07-25T16:18:58.803121,
cd2f82e056f9e748,https://bj.linkedin.com/jobs/view/repr%C3%A9sentant-e-du-service-%C3%A0-la-client%C3%A8le-bilingue-fran%C3%A7ais-anglais-%E2%80%94-t%C3%A9l%C3%A9travail-at-talentpop-app-4441090593,Représentant(e) du Service à la Clientèle Bilingue (Français/Anglais) — Télétravail,TalentPop App,posted,2026-07-25T16:19:09.762286,267
1edb703d78232933,https://bj.linkedin.com/jobs/view/french-customer-support-specialist-bilingual-fr-en-non-voice-blended-remote-at-talentpop-app-4442990398,French Customer Support Specialist (Bilingual FR/EN | Non-Voice/Blended | Remote),TalentPop App,posted,2026-07-25T16:19:14.542429,93
51bc8e01cb0f7532,https://bj.linkedin.com/jobs/view/french-bilingual-customer-service-specialist-at-talentpop-app-4443801329,French Bilingual Customer Service Specialist,TalentPop App,posted,2026-07-25T16:19:29.487459,37
ea3dff14ed70d4fc,https://bj.linkedin.com/jobs/view/rejoignez-l-%C3%A9lite-du-support-client-bilingue-fran%C3%A7ais-anglais-%E2%80%93-100-%25-t%C3%A9l%C3%A9travail-%21-at-talentpop-app-4441882747,Rejoignez l'élite du support client bilingue (Français/Anglais) – 100 % Télétravail !,TalentPop App,posted,2026-07-25T16:19:37.678005,269
2e42fa983b6bc065,https://bj.linkedin.com/jobs/view/bilingual-customer-support-specialist-french-english-100%25-remote-at-talentpop-app-4441880911,Bilingual Customer Support Specialist (French/English) - 100% Remote,TalentPop App,posted,2026-07-25T16:19:44.332930,85
ce151faf3cb0902f,https://bj.linkedin.com/jobs/view/rejoignez-l-%C3%A9lite-du-support-client-bilingue-fran%C3%A7ais-anglais-%E2%80%93-100-%25-t%C3%A9l%C3%A9travail-%21-at-talentpop-app-4441880914,Rejoignez l'élite du support client bilingue (Français/Anglais) – 100 % Télétravail !,TalentPop App,posted,2026-07-25T16:19:53.313243,271
e3c151b746d53cf6,https://bj.linkedin.com/jobs/view/agent-de-support-client%C3%A8le-international-h-f-at-talentpop-app-4441889401,Agent de Support Clientèle International (H/F),TalentPop App,posted,2026-07-25T16:20:06.427651,273
210c37b69133bbf4,https://bj.linkedin.com/jobs/view/virtual-customer-support-agent-french-english-%E2%80%93-100%25-remote-at-talentpop-app-4442308314,Virtual Customer Support Agent (French/English) – 100% Remote,TalentPop App,posted,2026-07-25T16:20:11.462332,91
eed1cf8383482038,https://bj.linkedin.com/jobs/view/backend-engineer-annotator-at-odixcity-consulting-4444797136,Backend Engineer Annotator,Odixcity Consulting,posted,2026-07-25T16:20:21.979015,275
2c72f45eea7319ed,https://bj.linkedin.com/jobs/view/rejoignez-l-%C3%A9lite-du-support-client-bilingue-fran%C3%A7ais-anglais-%E2%80%93-100-%25-t%C3%A9l%C3%A9travail-%21-at-talentpop-app-4441883684,Rejoignez l'élite du support client bilingue (Français/Anglais) – 100 % Télétravail !,TalentPop App,posted,2026-07-25T16:20:31.496648,277
0243f5edc346471f,https://bj.linkedin.com/jobs/view/french-speaking-customer-support-specialist-at-talentpop-app-4443498422,French-Speaking Customer Support Specialist,TalentPop App,posted,2026-07-25T16:20:36.367001,115
7d1f2ed284f55027,https://bj.linkedin.com/jobs/view/french-bilingual-customer-service-specialist-at-talentpop-app-4443807276,French Bilingual Customer Service Specialist,TalentPop App,posted,2026-07-25T16:20:41.073301,37
d7b16d2c28b93b92,https://bj.linkedin.com/jobs/view/virtual-customer-support-agent-french-english-%E2%80%93-100%25-remote-at-talentpop-app-4442315086,Virtual Customer Support Agent (French/English) – 100% Remote,TalentPop App,posted,2026-07-25T16:20:47.780556,91
677e17004078ed44,https://bj.linkedin.com/jobs/view/remote-business-account-rater-french-at-turing-4444379893,Remote Business Account Rater - French,Turing,posted,2026-07-25T16:20:52.392061,215
b6d92dedb11d60c1,https://bj.linkedin.com/jobs/view/expert-senior-r%C3%A9duction-des-pertes-techniques-et-commerciales-at-ntu-international-a-s-4444435258,Expert Senior Réduction des Pertes Techniques et Commerciales,,scraped,2026-07-25T16:20:57.005200,
03e51b8df3c4e8e2,https://bj.linkedin.com/jobs/view/expert-senior-appareils-efficaces-normes-de-qualit%C3%A9-at-ntu-international-a-s-4443768739,Expert Senior Appareils Efficaces / Normes de Qualité,,scraped,2026-07-25T16:21:04.349224,
74c6e2f83b98b854,https://bj.linkedin.com/jobs/view/post%E2%80%93mass-drug-administration-coverage-evaluation-survey-for-oncho-consultancy-at-sightsavers-4440154746,Post–Mass Drug Administration Coverage Evaluation Survey for Oncho Consultancy,,scraped,2026-07-25T16:21:11.456327,
f83c861c9e1850f0,https://bj.linkedin.com/jobs/view/expert-senior-finances-publiques-budg%C3%A9tisation-verte-at-ntu-international-a-s-4444466591,Expert Senior Finances Publiques / Budgétisation Verte,,scraped,2026-07-25T16:21:18.260857,
36fac3d480a9ff3d,https://bj.linkedin.com/jobs/view/expert-senior-r%C3%A9seaux-de-distribution-%C3%A9lectrique-at-ntu-international-a-s-4443947712,Expert Senior Réseaux de Distribution Électrique,,scraped,2026-07-25T16:21:25.629159,
b0b23e33666f5001,https://bj.linkedin.com/jobs/view/expert-senior-smart-grid-mod%C3%A9lisation-des-r%C3%A9seaux-at-ntu-international-a-s-4444438908,Expert Senior Smart Grid / Modélisation des Réseaux,,scraped,2026-07-25T16:21:32.784312,
2269b9fc01f92f52,https://bj.linkedin.com/jobs/view/expert-senior-%C3%A9nergie-bois-biomasse-at-ntu-international-a-s-4443905958,Expert Senior Énergie Bois / Biomasse,,scraped,2026-07-25T16:21:39.773307,
58ecd59d76698a55,https://bj.linkedin.com/jobs/view/technologue-alimentaire-4444796455,Technologue alimentaire,Evivi sweet,posted,2026-07-27T18:17:39.705437,279
6514fabe1386e179,https://bj.linkedin.com/jobs/view/charg%C3%A9-e-de-recrutement-at-tehora-inc-4441806014,Chargé(e) de recrutement,,scraped,2026-07-27T18:17:44.290244,
a47ce34a795d1147,https://bj.linkedin.com/jobs/view/commercial-e-abattoir-b%C3%A9nin-at-lapaire-4444439956,"Commercial (e)  - Abattoir, Bénin",,scraped,2026-07-27T18:17:52.979195,
76d43399a99a5a99,https://bj.linkedin.com/jobs/view/living-realms-at-game-night-picks-4442841312,Living Realms,Game Night Picks,posted,2026-07-27T18:18:08.022199,281
a71d3be5376c349d,https://bj.linkedin.com/jobs/view/charg%C3%A9-de-client%C3%A8le-bilingue-anglais-fran%C3%A7ais-100%25-t%C3%A9l%C3%A9travail-at-talentpop-app-4442379787,Chargé de Clientèle Bilingue (Anglais/Français) - 100% Télétravail,TalentPop App,posted,2026-07-27T18:18:16.886037,283
06a527ec548b3348,https://bj.linkedin.com/jobs/view/animateurs-animatrices-bafa-at-ville-de-sassenage-4442831814,Animateurs / Animatrices BAFA,,scraped,2026-07-27T18:18:19.388183,
cee8e25271767504,https://bj.linkedin.com/jobs/view/charg%C3%A9-de-client%C3%A8le-bilingue-anglais-fran%C3%A7ais-100%25-t%C3%A9l%C3%A9travail-at-talentpop-app-4442376820,Chargé de Clientèle Bilingue (Anglais/Français) - 100% Télétravail,TalentPop App,posted,2026-07-27T18:18:33.366200,285
a322b32f6bc527b9,https://bj.linkedin.com/jobs/view/charg%C3%A9-de-client%C3%A8le-bilingue-anglais-fran%C3%A7ais-100%25-t%C3%A9l%C3%A9travail-at-talentpop-app-4442360889,Chargé de Clientèle Bilingue (Anglais/Français) - 100% Télétravail,TalentPop App,posted,2026-07-27T18:18:42.470185,287
69906320f1b1ab6a,https://bj.linkedin.com/jobs/view/charg%C3%A9-de-client%C3%A8le-bilingue-anglais-fran%C3%A7ais-100%25-t%C3%A9l%C3%A9travail-at-talentpop-app-4442379795,Chargé de Clientèle Bilingue (Anglais/Français) - 100% Télétravail,TalentPop App,posted,2026-07-27T18:18:51.893077,289
00961e30cbc64a49,https://bj.linkedin.com/jobs/view/a-i-policy-reviewer-at-odixcity-consulting-4443092411,A.I Policy Reviewer,Odixcity Consulting,posted,2026-07-27T18:18:59.999233,291
219f49245b6dfbe5,https://bj.linkedin.com/jobs/view/francophone-customer-support-representative-%E2%80%93-remote-at-talentpop-app-4441878941,Francophone Customer Support Representative – Remote,TalentPop App,posted,2026-07-27T18:19:04.823829,33
538a8a152d1db36b,https://bj.linkedin.com/jobs/view/information-extraction-specialist-at-odixcity-consulting-4444903089,Information Extraction Specialist,Odixcity Consulting,posted,2026-07-27T18:19:12.828099,293
53a68bb07d683ba6,https://bj.linkedin.com/jobs/view/francophone-customer-support-representative-%E2%80%93-remote-at-talentpop-app-4442340549,Francophone Customer Support Representative – Remote,TalentPop App,posted,2026-07-27T18:19:19.620578,33
a908b0a6e7dfe317,https://bj.linkedin.com/jobs/view/agent-de-support-client%C3%A8le-international-h-f-at-talentpop-app-4442332528,Agent de Support Clientèle International (H/F),TalentPop App,posted,2026-07-27T18:19:28.433623,295
f2b458ea9c409751,https://bj.linkedin.com/jobs/view/francophone-customer-support-representative-%E2%80%93-remote-at-talentpop-app-4442337640,Francophone Customer Support Representative – Remote,TalentPop App,posted,2026-07-27T18:19:33.145977,33
fe968401128ea7a9,https://bj.linkedin.com/jobs/view/virtual-customer-support-agent-french-english-%E2%80%93-100%25-remote-at-talentpop-app-4442311182,Virtual Customer Support Agent (French/English) – 100% Remote,TalentPop App,posted,2026-07-27T18:19:37.750439,91
14c2e726ba811019,https://bj.linkedin.com/jobs/view/virtual-customer-support-agent-french-english-%E2%80%93-100%25-remote-at-talentpop-app-4442308310,Virtual Customer Support Agent (French/English) – 100% Remote,TalentPop App,scraped,2026-07-27T18:19:41.802756,
9685eb1f78bd9c20,https://bj.linkedin.com/jobs/view/agent-de-support-client%C3%A8le-international-h-f-at-talentpop-app-4441896175,Agent de Support Clientèle International (H/F),TalentPop App,posted,2026-07-27T18:19:50.534725,297
3001747e265e07d6,https://bj.linkedin.com/jobs/view/adjoint-au-chef-de-projet-d-assistance-technique-choose-africa-2-benin-h-f-at-expertise-france-4398893736,Adjoint au Chef de projet d'assistance technique CHOOSE AFRICA 2 BENIN (H/F),,scraped,2026-07-27T18:19:53.192829,
7cc990c366073c90,https://bj.linkedin.com/jobs/view/bilingual-customer-support-specialist-french-english-100%25-remote-at-talentpop-app-4442345540,Bilingual Customer Support Specialist (French/English) - 100% Remote,TalentPop App,posted,2026-07-27T18:20:02.909911,85
6f3468bff8f31487,https://bj.linkedin.com/jobs/view/board-game-arena-at-game-night-picks-4442844270,Board Game Arena,Game Night Picks,posted,2026-07-27T18:20:13.166071,299
cab38bf389a574ad,https://bj.linkedin.com/jobs/view/department-of-mechatronics-engineering-at-electrical-and-computer-engineering-students-association-ecesa-iium-4444863374,Department of Mechatronics Engineering,,scraped,2026-07-27T18:20:15.653447,
c7ce212f8b34bb72,https://bj.linkedin.com/jobs/view/french-speaking-customer-support-specialist-at-talentpop-app-4442369854,French-Speaking Customer Support Specialist,TalentPop App,posted,2026-07-27T18:20:27.353655,115
1a0c5999c4e40480,https://bj.linkedin.com/jobs/view/french-bilingual-customer-service-specialist-at-talentpop-app-4442379792,French Bilingual Customer Service Specialist,TalentPop App,posted,2026-07-27T18:20:32.035234,37
45cde9b95c6b253d,https://bj.linkedin.com/jobs/view/department-of-electrical-and-computer-engineering-at-electrical-and-computer-engineering-students-association-ecesa-iium-4444871324,Department of Electrical and Computer Engineering,,scraped,2026-07-27T18:20:34.539089,
21e0bbe014a4c195,https://bj.linkedin.com/jobs/view/virtual-customer-support-agent-french-english-%E2%80%93-100%25-remote-at-talentpop-app-4442304624,Virtual Customer Support Agent (French/English) – 100% Remote,TalentPop App,posted,2026-07-27T18:20:44.969466,91
6748772fb7a7b972,https://bj.linkedin.com/jobs/view/sp%C3%A9cialiste-bilingue-fran%C3%A7ais-anglais-du-support-client-%E2%80%94-voix-et-chat-at-talentpop-app-4442367873,Spécialiste Bilingue (Français/Anglais) du Support Client — Voix et Chat,TalentPop App,posted,2026-07-27T18:20:53.958576,301
7294b81ac79f7346,https://bj.linkedin.com/jobs/view/adjoint-directeur-administratif-et-financier-at-sofitel-4442650052,Adjoint Directeur Administratif et financier,,scraped,2026-07-27T18:20:56.621728,
eb45c011db76c6aa,https://bj.linkedin.com/jobs/view/french-speaking-customer-support-specialist-at-talentpop-app-4442369853,French-Speaking Customer Support Specialist,TalentPop App,posted,2026-07-27T18:21:06.155722,115
03f8bcba1708294c,https://bj.linkedin.com/jobs/view/bilingual-customer-support-specialist-french-english-100%25-remote-at-talentpop-app-4442332536,Bilingual Customer Support Specialist (French/English) - 100% Remote,TalentPop App,posted,2026-07-27T18:21:11.101374,85
39c302c47a7709c3,https://bj.linkedin.com/jobs/view/sp%C3%A9cialiste-bilingue-fran%C3%A7ais-anglais-du-support-client-%E2%80%94-voix-et-chat-at-talentpop-app-4442375799,Spécialiste Bilingue (Français/Anglais) du Support Client — Voix et Chat,TalentPop App,posted,2026-07-27T18:21:20.209989,303
01e6ba7ade75badc,https://bj.linkedin.com/jobs/view/french-speaking-customer-support-specialist-at-talentpop-app-4442378799,French-Speaking Customer Support Specialist,TalentPop App,posted,2026-07-27T18:21:25.162748,115
a4441e3339d9d931,https://bj.linkedin.com/jobs/view/commercial-4445605739,Commercial,NEW LIGHT CENTER,posted,2026-07-27T18:21:32.331711,305
9cc41ce0a5009e44,https://bj.linkedin.com/jobs/view/remote-french-bilingual-customer-support-representative-at-talentpop-app-4442823118,Remote French Bilingual Customer Support Representative,TalentPop App,posted,2026-07-27T18:21:37.014083,107
e6c2f190d515041a,https://bj.linkedin.com/jobs/view/devops-engineer-annotator-at-odixcity-consulting-4445393089,Devops Engineer Annotator,Odixcity Consulting,posted,2026-07-27T18:21:44.576061,307
826937c0ceec73a4,https://bj.linkedin.com/jobs/view/remote-french-bilingual-customer-support-representative-at-talentpop-app-4442806183,Remote French Bilingual Customer Support Representative,TalentPop App,posted,2026-07-27T18:21:51.384956,107
eef4141187176b1d,https://bj.linkedin.com/jobs/view/dave-at-game-night-picks-4442845277,Dave,Game Night Picks,posted,2026-07-27T18:22:04.938369,309
92e98de088b1978e,https://bj.linkedin.com/jobs/view/ucp-at-game-night-picks-4442839302,UCP,Game Night Picks,posted,2026-07-27T18:22:13.938927,311
33809f901016cb87,https://bj.linkedin.com/jobs/view/nikki-davis-at-jeep-management-group-4446189139,Nikki Davis,Jeep Management Group,posted,2026-07-29T17:52:28.910549,313
01859d128aaf1645,https://bj.linkedin.com/jobs/view/sredstvo-za-smanjenje-trenja-za-cementiranje-at-sichuan-youzhu-new-material-science-technology-co-ltd-4445474604,Sredstvo za smanjenje trenja za cementiranje,,scraped,2026-07-29T17:52:31.311211,
d364f9edb9519cb1,https://bj.linkedin.com/jobs/view/dave-at-game-night-picks-4442898366,Dave,Game Night Picks,posted,2026-07-29T17:52:46.196616,309
c0a2739abf3aae99,https://bj.linkedin.com/jobs/view/factory-audit-in-benin-at-benin-quality-control-4444480157,Factory audit in Benin,Benin Quality Control,posted,2026-07-29T17:52:54.185526,315
482f31d64da64866,https://bj.linkedin.com/jobs/view/janitorial-crew-lead-at-city-of-hyattsville-maryland-4446131385,Janitorial Crew Lead,"City of Hyattsville, Maryland",posted,2026-07-29T17:53:03.868386,317
bb99962db06c63ff,https://bj.linkedin.com/jobs/view/graduate-program-contr%C3%B4leur-de-gestion-f-h-at-vinci-construction-4446503959,Graduate Program Contrôleur de gestion F/H,,scraped,2026-07-29T17:53:10.576694,
1c35c4572e0da3c2,https://bj.linkedin.com/jobs/view/board-game-arena-at-game-night-picks-4442883447,Board Game Arena,Game Night Picks,posted,2026-07-29T17:53:21.418112,299
a69654071f0b370a,https://bj.linkedin.com/jobs/view/call-for-expression-of-interest-eoi-junior-technology-profiling-consultant-at-international-institute-of-tropical-agriculture-iita-4446342254,Call for Expression of Interest (EOI) - Junior Technology Profiling Consultant,,scraped,2026-07-29T17:53:24.119587,
9396b0ff28d5e117,https://bj.linkedin.com/jobs/view/jenniferland-at-game-night-picks-4442881505,Jenniferland,Game Night Picks,posted,2026-07-29T17:53:39.610083,319
344fc7a45c03273a,https://bj.linkedin.com/jobs/view/risk-analyst-at-odixcity-consulting-4444790452,Risk Analyst,Odixcity Consulting,posted,2026-07-29T17:53:47.893921,321
7024afc8b089947b,https://bj.linkedin.com/jobs/view/egocentric-video-data-collection-at-odixcity-consulting-4446548034,Egocentric video data collection,Odixcity Consulting,posted,2026-07-29T17:53:56.042262,323
e9dd167fba3980a2,https://bj.linkedin.com/jobs/view/consultant-national-pour-la-r%C3%A9alisation-d%E2%80%99une-recherche-op%C3%A9rationnelle-weziza-educ-benin-req%23594592-at-unicef-chad-4442878257,"Consultant National pour la réalisation d’une recherche opérationnelle (WEZIZA-EDUC), Benin, Req#594592",Unicef CHAD,posted,2026-07-29T17:54:08.809069,325
9a949e838d5232ed,https://bj.linkedin.com/jobs/view/content-moderator-trust-and-safety-specialist-at-odixcity-consulting-4445294404,Content Moderator (Trust and Safety Specialist),Odixcity Consulting,posted,2026-07-29T17:54:17.013918,327
e31f62f4d34cd038,https://bj.linkedin.com/jobs/view/holmlia-brettspillklubb-at-game-night-picks-4442889388,Holmlia Brettspillklubb,Game Night Picks,posted,2026-07-29T17:54:28.037001,329
6c47ba1af5a70e13,https://bj.linkedin.com/jobs/view/chef-de-gestion-fiscale-at-twyford-international-4446571473,Chef de Gestion Fiscale,TWYFORD INTERNATIONAL,posted,2026-07-29T17:54:38.127535,331
c6e01f687c704f3a,https://bj.linkedin.com/jobs/view/llm-evaluator-model-response-analyst-at-odixcity-consulting-4445391077,LLM Evaluator (Model Response Analyst),Odixcity Consulting,posted,2026-07-29T17:54:46.678531,333
299507dfd9de1a46,https://bj.linkedin.com/jobs/view/setter-h-f-at-papa-in-shape-4444417402,Setter (H/F),,scraped,2026-07-29T17:54:49.420543,
8cd3dd4d3a3251d7,https://bj.linkedin.com/jobs/view/m%C3%A9decin-%C3%A9pid%C3%A9miologiste-biostatisticien-at-reliefweb-4445213325,Médecin épidémiologiste / Biostatisticien,ReliefWeb,posted,2026-07-29T17:55:03.333667,335
3c2aaa3b8be2c48d,https://bj.linkedin.com/jobs/view/nlp-data-annotator-at-odixcity-consulting-4445286620,NLP Data annotator,Odixcity Consulting,posted,2026-07-29T17:55:11.554100,337
92e24cd8321c4c64,https://bj.linkedin.com/jobs/view/google-ads-expert-ppc-manager-at-odixcity-consulting-4445656613,Google Ads Expert / PPC manager,Odixcity Consulting,posted,2026-07-29T17:55:21.689096,339
3bcf05eec2ebc366,https://bj.linkedin.com/jobs/view/responsable-e-merchandising-at-team-inside-4444103414,Responsable E-Merchandising,,scraped,2026-07-29T17:55:24.151741,
b80c267e8a4b7fb0,https://bj.linkedin.com/jobs/view/security-engineer-annotator-at-odixcity-consulting-4444904080,Security Engineer Annotator,Odixcity Consulting,posted,2026-07-29T17:55:38.332439,341
02e467df64fd6051,https://bj.linkedin.com/jobs/view/drupal-web-developer-at-odixcity-consulting-4446548038,Drupal web developer,Odixcity Consulting,posted,2026-07-29T17:55:50.665212,343
0c6b43e0a4d20027,https://bj.linkedin.com/jobs/view/remote-business-account-rater-french-at-turing-4445177488,Remote Business Account Rater - French,Turing,posted,2026-07-29T17:55:57.602136,215
1cd11c329df208f7,https://bj.linkedin.com/jobs/view/program-director-beninkarite-program-at-technoserve-4445736199,"Program Director, BeninKarite Program",TechnoServe,posted,2026-07-29T17:56:07.403626,345
f545ca24e7d3b8fb,https://bj.linkedin.com/jobs/view/usda-rural-development-community-facilities-programs-at-national-center-on-school-infrastructure-ncsi-4447210490,USDA Rural Development Community Facilities Programs,National Center on School Infrastructure (NCSI),posted,2026-07-31T18:12:22.916847,347
e4e4540214fb4d2e,https://bj.linkedin.com/jobs/view/usda-rural-development-telecommunications-programs-at-national-center-on-school-infrastructure-ncsi-4447099605,USDA Rural Development Telecommunications Programs,National Center on School Infrastructure (NCSI),posted,2026-07-31T18:12:31.733144,349
bfff94ded8647de8,https://bj.linkedin.com/jobs/view/commercial-at-nga-agency-4447010176,Commercial,NGA AGENCY,posted,2026-07-31T18:12:41.484113,305
0b098ef729ca0bdb,https://bj.linkedin.com/jobs/view/responsable-des-admissions-at-institut-des-m%C3%A9tiers-du-num%C3%A9rique-4447510566,RESPONSABLE DES ADMISSIONS,,scraped,2026-07-31T18:12:46.096655,
e92d83cd7b192e7c,https://bj.linkedin.com/jobs/view/charg%C3%A9-e-d-affaires-at-maasil-inc-tops-profils-temps-plein-de-madagascar-maurice-b%C3%A9nin-4445430460,Chargé(e) d'affaires,,scraped,2026-07-31T18:12:53.622285,
ce9acb3e4ab9e2c4,https://bj.linkedin.com/jobs/view/department-of-manufacturing-and-materials-engineering-at-electrical-and-computer-engineering-students-association-ecesa-iium-4444864337,Department of Manufacturing and Materials Engineering,,scraped,2026-07-31T18:12:59.914993,
585994cd0aaaeb70,https://bj.linkedin.com/jobs/view/business-digital-developers-at-business-360%C2%B0-4447071011,Business Digital Developers,,scraped,2026-07-31T18:13:08.631056,
f140d6883bf071aa,https://bj.linkedin.com/jobs/view/administratif-pi%C3%A8ces-de-rechange-m-f-at-cfao-mobility-4443277612,Administratif Pièces de Rechange M/F,,scraped,2026-07-31T18:13:15.572075,
421a838800f9d4fb,https://bj.linkedin.com/jobs/view/analyst-asb-at-ebrd-4447538145,"Analyst, ASB",,scraped,2026-07-31T18:13:23.273437,
32c75009352d622a,https://bj.linkedin.com/jobs/view/ing%C3%A9nieur-cloud-aws-devops-at-b%C3%A9nin-digital-4446164340,Ingénieur Cloud AWS / DevOps,,scraped,2026-07-31T18:13:30.005652,
617d49dca80f051e,https://bj.linkedin.com/jobs/view/commercial-e-catchi-b%C3%A9nin-at-lapaire-4446102811,"Commercial (e)  - Catchi, Bénin",,scraped,2026-07-31T18:13:41.789639,
f179e82189a463a0,https://bj.linkedin.com/jobs/view/materi-belajar-robotik-secara-private-at-kursus-papindo-4445075081,Materi Belajar Robotik Secara Private,,scraped,2026-07-31T18:13:50.135163,
71d944bcf3f0d37e,https://bj.linkedin.com/jobs/view/designer-cr%C3%A9atif-at-diamond-light-group-4445985391,Designer créatif,Diamond Light Group,posted,2026-07-31T18:14:16.798469,351
6de9b1129d356988,https://bj.linkedin.com/jobs/view/commercial-e-charg%C3%A9-e-d-affaires-digital-at-easycom-solutions-4447128504,Commercial(e) / Chargé(e) d'Affaires Digital,,scraped,2026-07-31T18:14:19.347633,
3a1aa73509bc19cb,https://bj.linkedin.com/jobs/view/juriste-en-droit-num%C3%A9rique-at-sefode-africa-4447025455,Juriste en Droit Numérique,SEFODE AFRICA,posted,2026-07-31T18:14:33.556316,353
ec3c7d32c790a3b6,https://bj.linkedin.com/jobs/view/senior-project-manager-at-bluesquare-4445700707,Senior Project Manager,,scraped,2026-07-31T18:14:36.147275,
3204f6d3e9aafbef,https://bj.linkedin.com/jobs/view/administration-et-customer-success-manager-at-maasil-inc-tops-profils-temps-plein-de-madagascar-maurice-b%C3%A9nin-4444643335,Administration et Customer Success Manager,,scraped,2026-07-31T18:14:44.150853,
6afcf1def5635c4c,https://bj.linkedin.com/jobs/view/charg%C3%A9-e-de-gestion-senior-at-maasil-inc-tops-profils-temps-plein-de-madagascar-maurice-b%C3%A9nin-4446959428,Chargé(e) de Gestion Senior,,scraped,2026-07-31T18:14:50.587717,
f6a66a2a92093294,https://bj.linkedin.com/jobs/view/gestionnaire-de-r%C3%A9servation-et-service-client-fr-en-at-maasil-inc-tops-profils-temps-plein-de-madagascar-maurice-b%C3%A9nin-4446971256,Gestionnaire de réservation et service client FR/EN,,scraped,2026-07-31T18:14:57.040578,
0314834665aa3c7a,https://bj.linkedin.com/jobs/view/gestionnaire-comptable-adv-at-maasil-inc-tops-profils-temps-plein-de-madagascar-maurice-b%C3%A9nin-4446955584,Gestionnaire Comptable ADV,,scraped,2026-07-31T18:15:03.597628,
d45094caead60865,https://bj.linkedin.com/jobs/view/finances-et-contr%C3%B4le-de-gestion-operationnel-at-maasil-inc-tops-profils-temps-plein-de-madagascar-maurice-b%C3%A9nin-4445446183,Finances et Contrôle de Gestion Operationnel,,scraped,2026-07-31T18:15:10.574830,
10f184e9f05fc37f,https://bj.linkedin.com/jobs/view/charg%C3%A9-webmarketing-at-maasil-inc-tops-profils-temps-plein-de-madagascar-maurice-b%C3%A9nin-4445439369,Chargé Webmarketing,,scraped,2026-07-31T18:15:16.952919,
e5d57d040999c0f0,https://bj.linkedin.com/jobs/view/support-technique-fr-en-at-maasil-inc-tops-profils-temps-plein-de-madagascar-maurice-b%C3%A9nin-4446951651,Support Technique FR/EN,,scraped,2026-07-31T18:15:23.218618,
8c040fd2e8a79366,https://bj.linkedin.com/jobs/view/gestionnaire-administratif-senior-e-commerce-at-maasil-inc-tops-profils-temps-plein-de-madagascar-maurice-b%C3%A9nin-4445430429,Gestionnaire Administratif Senior (E-Commerce),,scraped,2026-07-31T18:15:29.853853,
587f20855b22bf2b,https://bj.linkedin.com/jobs/view/guest-relation-at-sofitel-4445738061,Guest relation,,scraped,2026-08-01T16:33:31.424063,
bb5851671346a172,https://bj.linkedin.com/jobs/view/comptable-et-gestionnaire-administratif-at-maasil-inc-tops-profils-temps-plein-de-madagascar-maurice-b%C3%A9nin-4445435399,Comptable et Gestionnaire Administratif,,scraped,2026-08-01T16:33:38.476459,
00a3a517255e09e9,https://bj.linkedin.com/jobs/view/interdisciplinary-scientist-at-u-s-department-of-health-and-human-services-at-uci-oc-alliance-4445921445,Interdisciplinary Scientist at U.S. Department of Health and Human Services,UCI-OC Alliance,posted,2026-08-01T16:33:53.002883,355
f7fbf21854cd250a,https://bj.linkedin.com/jobs/view/assistant-professor-at-yerevan-gladzor-university-4445718770,Assistant Professor,,scraped,2026-08-01T16:33:55.422654,
5e1353b9731e6a2b,https://bj.linkedin.com/jobs/view/engineering-and-maintenance-manager-at-astro-energy-a-e-4444883597,Engineering and Maintenance Manager,ASTRO ENERGY (A-E),posted,2026-08-01T16:34:08.059046,357
6dac51c37ac99513,https://bj.linkedin.com/jobs/view/operation-manager-activit%C3%A9-logistique-at-maasil-inc-tops-profils-temps-plein-de-madagascar-maurice-b%C3%A9nin-4444500595,Operation Manager (activité logistique),,scraped,2026-08-01T16:34:10.709625,
536f2227e6e3a7f5,https://bj.linkedin.com/jobs/view/script-writer-at-odixcity-consulting-4445668544,Script writer,Odixcity Consulting,posted,2026-08-01T16:34:24.545945,359
c727a067ff0e02bc,https://bj.linkedin.com/jobs/view/cdi-customer-value-manager-benin-f-h-x-at-canal%2B-group-4446383273,CDI - CUSTOMER VALUE MANAGER BENIN - (F/H/X),,scraped,2026-08-01T16:34:27.043994,
3d5978763e6a30e7,https://bj.linkedin.com/jobs/view/les-recrutements-du-04-avril-2025-en-cours-au-benin-at-web-master-design-4446797993,LES RECRUTEMENTS DU 04 Avril 2025 EN COURS AU BENIN,WEB MASTER DESIGN,posted,2026-08-01T16:34:45.826745,361
0554984f7583ce65,https://bj.linkedin.com/jobs/view/membres-du-comit%C3%A9-de-recherche-action-sur-l%E2%80%99%C3%A9levage-%C3%A9cologique-des-poulets-locaux-at-ucoopia-4445439821,MEMBRES DU COMITÉ DE RECHERCHE-ACTION SUR L’ÉLEVAGE ÉCOLOGIQUE DES POULETS LOCAUX,Ucoopia,posted,2026-08-01T16:34:57.260393,363
0eeeb1c99ab94ea6,https://bj.linkedin.com/jobs/view/engineering-technician-production-grade-a-constructive-design-technician-%E2%80%93-department-of-defence-department-of-defence-%E2%80%93-careervacancies-co-za-at-careervacancies-co-za-4445155901,Engineering Technician (Production) Grade A Constructive: Design Technician: – Department Of Defence : Department Of Defence – CareerVacancies.co.za,Careervacancies.co.za,posted,2026-08-01T16:35:06.827961,365
f74fbc990fd1e36b,https://bj.linkedin.com/jobs/view/consultant-national-pour-la-r%C3%A9alisation-d%E2%80%99une-recherche-op%C3%A9rationnelle-weziza-educ-benin-req%23594592-at-unicef-4445977292,"Consultant National pour la réalisation d’une recherche opérationnelle (WEZIZA-EDUC), Benin, Req#594592",UNICEF,posted,2026-08-01T16:35:16.574088,367
e37c51bbfeb634f0,https://bj.linkedin.com/jobs/view/stagiaire-d%C3%A9veloppement-web-at-easycom-solutions-4447127478,Stagiaire Développement Web,,scraped,2026-08-01T16:35:19.170630,
bfcc84a9c494bc21,https://bj.linkedin.com/jobs/view/engineering-technician-production-grade-a-constructive-design-technician-%E2%80%93-department-of-defence-department-of-defence-%E2%80%93-careervacancies-co-za-at-careervacancies-co-za-4445168782,Engineering Technician (Production) Grade A Constructive: Design Technician – Department Of Defence : Department Of Defence – CareerVacancies.co.za,Careervacancies.co.za,posted,2026-08-01T16:35:32.806630,369
05f40a836bfc789d,https://bj.linkedin.com/jobs/view/sales-development-representative-at-odixcity-consulting-4446175693,Sales Development Representative,Odixcity Consulting,posted,2026-08-01T16:35:41.080923,371
915378f20c64f4eb,https://bj.linkedin.com/jobs/view/call-for-expression-of-interest-eoi-junior-technology-profiling-consultant-at-iita-cassavabreeding-4445762100,Call for Expression of Interest (EOI) - Junior Technology Profiling Consultant,IITA-CASSAVABREEDING,posted,2026-08-01T16:35:51.001008,373
9ee3e0ea6a70f7b4,https://bj.linkedin.com/jobs/view/webflow-developer-at-odixcity-consulting-4445665536,Webflow Developer,Odixcity Consulting,posted,2026-08-01T16:35:58.620343,375
dd7b65cf980521a4,https://bj.linkedin.com/jobs/view/responsable-senior-inclusion-femmes-et-jeunes-at-technoserve-4445026583,Responsable Senior Inclusion Femmes et Jeunes,TechnoServe,posted,2026-08-01T16:36:07.304772,377
c985fcf5fd8f827f,https://bj.linkedin.com/jobs/view/seo-sem-specialist-at-odixcity-consulting-4446185575,SEO /SEM Specialist,Odixcity Consulting,posted,2026-08-01T16:36:15.079711,379
98bcdae55369f368,https://bj.linkedin.com/jobs/view/stagiaire-communication-et-infographiste-at-technoserve-4446071329,Stagiaire Communication et Infographiste,TechnoServe,posted,2026-08-01T16:36:30.097979,381
fcd36564ed3f1201,https://bj.linkedin.com/jobs/view/learning-and-development-manager-at-odixcity-consulting-4446535757,Learning and development manager,Odixcity Consulting,posted,2026-08-03T19:09:17.969094,383
e4e866406eeadefe,https://bj.linkedin.com/jobs/view/consultant-e-freelance-d%C3%A9veloppement-at-easycom-solutions-4447126567,Consultant(e) Freelance Développement,,scraped,2026-08-03T19:09:28.618002,
1779ba5459c59568,https://bj.linkedin.com/jobs/view/document-analyst-at-odixcity-consulting-4444522004,Document Analyst,Odixcity Consulting,posted,2026-08-03T19:09:41.075655,385
677b0039b71050b7,https://bj.linkedin.com/jobs/view/business-developer-at-mca-academy-4447563385,Business Developer,,scraped,2026-08-03T19:09:45.665338,
e3120daf2d6f518e,https://bj.linkedin.com/jobs/view/responsable-de-la-coordination-et-des-partenariats-bureau-pays-at-technoserve-4446078114,Responsable de la Coordination et des Partenariats - Bureau Pays,TechnoServe,posted,2026-08-03T19:09:59.472894,387
09a9d773957e8164,https://bj.linkedin.com/jobs/view/specialist-advertising-and-new-e-verticals-marketing-at-mtn-uganda-foundation-4447903494,Specialist - Advertising and New E Verticals.Marketing,,scraped,2026-08-03T19:10:02.201284,
77d4e43e658d5e01,https://bj.linkedin.com/jobs/view/conseiller-commercial-at-tiwani-capital-4447054419,Conseiller commercial,,scraped,2026-08-03T19:10:11.164728,
736f6846c7e2e4cc,https://bj.linkedin.com/jobs/view/high-school-science-teacher-4447897205,High School Science Teacher,School in Benin Republic,posted,2026-08-03T19:10:22.412627,389
c96e7a564e71edb0,https://bj.linkedin.com/jobs/view/conseillers-commerciaux-en-assurance-at-sunu-assurances-b%C3%A9nin-4443913972,CONSEILLERS COMMERCIAUX EN ASSURANCE,,scraped,2026-08-03T19:10:24.993029,
28bf5123df91fdb5,https://bj.linkedin.com/jobs/view/ide-la-tonnelle-at-epsm-de-l-agglom%C3%A9ration-lilloise-ght-psy-npdc-4447666142,IDE - LA TONNELLE,,scraped,2026-08-03T19:10:31.721385,
634a47412b713b2c,https://bj.linkedin.com/jobs/view/repr%C3%A9sentant-commercial-en-assurance-at-sunu-assurances-b%C3%A9nin-4448300192,Représentant commercial en assurance,,scraped,2026-08-03T19:10:39.413525,
f088ade99328e5ca,https://bj.linkedin.com/jobs/view/testeur-qa-assurance-qualit%C3%A9-mission-de-30-jours-au-plus-at-staf-print-center-4447842922,Testeur QA (Assurance Qualité) : Mission de 30 jours au plus.,,scraped,2026-08-03T19:10:45.919522,
e3647f85bb297b17,https://bj.linkedin.com/jobs/view/consultant-individuel-national-pour-la-finalisation-de-la-feuille-de-route-nationale-sur-le-systme-d-enregistrement-des-faits-et-d-tablissement-des-statistiques-d-tat-civil-de-la-rca-at-united-nations-population-fund-unfpa-4447988692,Consultant individuel national pour la finalisation de la feuille de route nationale sur le systme d'enregistrement des faits et d'tablissement des statistiques d'tat civil de la RCA,United Nations Population Fund (UNFPA),posted,2026-08-03T19:11:02.021550,391
c4e39b7c16022ba5,https://bj.linkedin.com/jobs/view/ground-based-affordable-mass-g-bam-at-rallyprop-ai-4448986823,Ground-Based Affordable Mass (G-BAM),RallyProp.ai,posted,2026-08-05T18:13:19.752154,393
33dfc02a18931548,https://bj.linkedin.com/jobs/view/art-of-novel-signals-predicting-and-forecasting-with-high-confidence-at-rallyprop-ai-4448998701,Art of Novel Signals: Predicting and Forecasting with High Confidence,RallyProp.ai,posted,2026-08-05T18:13:29.147155,395
f0c4eafb82bb6c1c,https://bj.linkedin.com/jobs/view/rejoignez-l-%C3%A9quipe-d-enqu%C3%AAteurs-ceftic-at-ceftic-4449659349,Rejoignez l'Équipe d'Enquêteurs CEFTIC,,scraped,2026-08-05T18:13:31.553630,
3d64640fc6f405ca,https://bj.linkedin.com/jobs/view/consultant-digital-at-emini-labs-4449048996,Consultant Digital,,scraped,2026-08-05T18:13:39.042372,
111160c15d875d4e,https://bj.linkedin.com/jobs/view/data-analyst-at-emini-labs-4449050878,Data Analyst,,scraped,2026-08-05T18:13:49.398264,
f5938e9da2d8224f,https://bj.linkedin.com/jobs/view/treasury-lead-at-astro-energy-a-e-4448986004,Treasury Lead,ASTRO ENERGY (A-E),posted,2026-08-05T18:14:00.112000,195
6af660e1bc0700f8,https://bj.linkedin.com/jobs/view/gestionnaire-de-stock-at-conseilux-training-and-development-4446400944,Gestionnaire de stock,,scraped,2026-08-05T18:14:04.652012,
c8e024d8df2b64b5,https://bj.linkedin.com/jobs/view/pr%C3%A9-master-at-seed-of-languages-and-leadership-academy-benin-sla-benin-4447897064,Pré-Master,,scraped,2026-08-05T18:14:12.430936,
c3cf26e9f9377de0,https://bj.linkedin.com/jobs/view/representative-benin-p-5-at-united-nations-population-fund-unfpa-4448242624,"Representative, Benin, P-5",United Nations Population Fund (UNFPA),posted,2026-08-05T18:14:30.548811,397
82c71589b20d7331,https://bj.linkedin.com/jobs/view/artisan-foreman-grade-a-electrical-electronician-%E2%80%93-department-of-defence-department-of-defence-%E2%80%93-graduates-24-co-za-at-graduates-24-co-za-4447360736,Artisan Foreman Grade A Electrical: Electronician – Department Of Defence : Department Of Defence – Graduates-24.co.za,Graduates-24.co.za,posted,2026-08-05T18:14:39.856283,399
0ac3963ce74192df,https://bj.linkedin.com/jobs/view/postes-de-superviseur-g%C3%A9nie-civil-contr%C3%B4leurs-travaux-hta-bt-et-contr%C3%B4leurs-g%C3%A9nie-civil-%C3%A0-pourvoir-%C3%A0-ied-b%C3%A9nin-at-innovation-energie-d%C3%A9veloppement-4447231984,"Postes de Superviseur Génie Civil, Contrôleurs Travaux HTA/BT et Contrôleurs Génie Civil, à pourvoir à IED Bénin",Innovation Energie Développement,posted,2026-08-05T18:14:48.214832,401
a1598e3da7d34d74,https://bj.linkedin.com/jobs/view/asymmetric-collaborative-counter-swarm-at-rallyprop-ai-4448998698,Asymmetric Collaborative Counter Swarm,RallyProp.ai,posted,2026-08-05T18:14:57.167861,403
f9cd2e795529265b,https://bj.linkedin.com/jobs/view/stage-technico-commercial-at-fornex-b%C3%A9nin-4449477262,STAGE TECHNICO-COMMERCIAL,,scraped,2026-08-05T18:14:59.768543,
0a151f82871c1eb4,https://bj.linkedin.com/jobs/view/schnittstellen-kommunikations-training-at-qm1-die-handwerksakademie-4449428900,SCHNITTSTELLEN KOMMUNIKATIONS TRAINING,,scraped,2026-08-05T18:15:08.244942,
8ae3f87c12353e59,https://bj.linkedin.com/jobs/view/quality-assurance-specialist-at-u-s-department-of-health-and-human-services-at-uci-oc-alliance-4449044128,Quality Assurance Specialist at U.S. Department of Health and Human Services,UCI-OC Alliance,posted,2026-08-05T18:15:23.156034,405
2bb1441e3b5b0472,https://bj.linkedin.com/jobs/view/high-speed-photon-number-resolution-quanta-imaging-sensor-array-at-rallyprop-ai-4449102660,High-speed Photon-Number-Resolution Quanta Imaging Sensor Array,RallyProp.ai,posted,2026-08-05T18:15:34.164055,407
02aac947acd257e2,https://bj.linkedin.com/jobs/view/teaching-assistant-professor-in-companion-animal-cardiology-at-department-of-pharmacy-university-of-copenhagen-4449022172,Teaching assistant professor in Companion Animal Cardiology,,scraped,2026-08-05T18:15:36.647172,
67f3ad6910add4ab,https://bj.linkedin.com/jobs/view/dpw-deputy-director-%E2%80%93-administrative-%E2%80%93-city-engineer-at-city-of-hyattsville-maryland-4449055910,DPW Deputy Director – Administrative – City Engineer,"City of Hyattsville, Maryland",posted,2026-08-05T18:15:50.466875,409
6fc560191b70ae07,https://bj.linkedin.com/jobs/view/postdoc-in-protein-o-glycosylation-during-pancreatic-inflammation-at-the-department-of-biomedical-science-at-department-of-pharmacy-university-of-copenhagen-4449006542,Postdoc in protein O-glycosylation during pancreatic inflammation at the Department of Biomedical Science,,scraped,2026-08-05T18:15:52.912405,
7e8047994a2ee794,https://bj.linkedin.com/jobs/view/advancing-assured-access-integrated-digital-capabilities-for-the-2-sls-to-accelerate-mission-tempo-and-readiness-at-rallyprop-ai-4448984838,Advancing Assured Access: Integrated Digital Capabilities for the 2 SLS to Accelerate Mission Tempo and Readiness,RallyProp.ai,posted,2026-08-05T18:16:06.876085,411
cb6708a6847b7b88,https://bj.linkedin.com/jobs/view/uh-60m-patient-handling-system-at-rallyprop-ai-4449100606,UH-60M Patient Handling System,RallyProp.ai,posted,2026-08-05T18:16:15.743077,413
91702b35bc1764be,https://bj.linkedin.com/jobs/view/fusion-of-abstract-learning-and-context-optimized-neural-methods-falcon-at-rallyprop-ai-4449102646,Fusion of Abstract Learning and Context-Optimized Neural-methods (FALCON),RallyProp.ai,posted,2026-08-05T18:16:25.066829,415
cd63eb8ae676b4a1,https://bj.linkedin.com/jobs/view/xtech-phantum-competition-at-rallyprop-ai-4448998710,xTech|Phantum Competition,RallyProp.ai,posted,2026-08-05T18:16:34.330330,417
44ffa7e323a258a8,https://bj.linkedin.com/jobs/view/high-precision-specialized-waveguides-for-extreme-temperatures-at-rallyprop-ai-4448989789,High Precision Specialized Waveguides for Extreme Temperatures,RallyProp.ai,posted,2026-08-05T18:16:43.341498,419
d501e6e83a8c50d6,https://bj.linkedin.com/jobs/view/neuromorphic-hardware-at-rallyprop-ai-4449104577,Neuromorphic Hardware,RallyProp.ai,posted,2026-08-05T18:16:53.024659,421
30a8ad8b292ea220,https://bj.linkedin.com/jobs/view/xtech-kinetic-reach-competition-at-rallyprop-ai-4448999683,xTech|Kinetic Reach Competition,RallyProp.ai,posted,2026-08-05T18:17:05.716736,423
9b389eb9304697e0,https://bj.linkedin.com/jobs/view/next-gen-thermal-batteries-for-missile-defense-application-at-rallyprop-ai-4449102650,Next-Gen Thermal Batteries for Missile Defense Application,RallyProp.ai,posted,2026-08-05T18:17:19.794594,425
4739f05e80df9581,https://bj.linkedin.com/jobs/view/tunable-nonlocal-metasurfaces-for-edge-computing-and-processing-at-rallyprop-ai-4448987851,Tunable Nonlocal Metasurfaces for Edge Computing and Processing,RallyProp.ai,posted,2026-08-05T18:17:29.823836,427
79a1beba8cdab1a0,https://bj.linkedin.com/jobs/view/collaborative-aided-target-recognition-using-next-generation-foundation-models-for-multi-domain-unmanned-systems-at-rallyprop-ai-4449102661,Collaborative Aided Target Recognition Using Next-Generation Foundation Models for Multi-Domain Unmanned Systems,RallyProp.ai,posted,2026-08-05T18:17:39.018927,429
8636be986bac2fcc,https://bj.linkedin.com/jobs/view/tr%C3%A9sori%C3%A8re-at-le-declik-4450678112,Trésorière,LE DECLIK,posted,2026-08-07T14:18:20.352916,431
84dd3c2b558aaa40,https://bj.linkedin.com/jobs/view/budget-analyst-benin-at-center-for-civilians-in-conflict-4448609530,Budget Analyst (Benin),Center for Civilians in Conflict,posted,2026-08-07T14:18:37.341927,433
68c1bba953bdfe2d,https://bj.linkedin.com/jobs/view/ide-la-tonnelle-at-epsm-de-l-agglom%C3%A9ration-lilloise-ght-psy-npdc-4447376056,IDE - LA TONNELLE,,scraped,2026-08-07T14:18:40.000887,
557309291c70cd96,https://bj.linkedin.com/jobs/view/it-technician-at-concentrix-4448431848,IT TECHNICIAN,Concentrix,posted,2026-08-07T14:18:54.550047,435
b90c84fea589a6f1,https://bj.linkedin.com/jobs/view/chef-de-mission-cabinet-d-audit-expertise-comptable-h-f-cotonou-b%C3%A9nin-at-eburnie-service-4449069585,Chef de Mission - Cabinet d'Audit & Expertise Comptable H/F (Cotonou - Bénin),,scraped,2026-08-07T14:18:59.195932,
c8db86695b21a5af,https://bj.linkedin.com/jobs/view/correspondant-tekawake-b%C3%A9nin-at-tekawake-4448728539,Correspondant TEKAWAKE - Bénin,TEKAWAKE,posted,2026-08-07T14:19:11.777177,437
9ccade1c24056371,https://bj.linkedin.com/jobs/view/test-commercial-cotonou-at-jobego-4449102761,Test Commercial Cotonou,,scraped,2026-08-07T14:19:14.393668,
ecf8f1602c67a689,https://bj.linkedin.com/jobs/view/gestionnaire-de-projet-et-coordinateur-trice-de-l-atelier-637-h-f-at-institut-fran%C3%A7ais-de-la-mode-4445840505,GESTIONNAIRE DE PROJET ET COORDINATEUR.TRICE DE L'ATELIER 637 (H/F),Institut Français de la Mode,posted,2026-08-07T14:19:29.048196,439
981df20747682cb0,https://bj.linkedin.com/jobs/view/department-of-orthopaedic-surgery-chair-job%23jpf04556-at-uc-san-diego-agilent-center-of-excellence-in-cellular-intelligence-4448735283,"Department of Orthopaedic Surgery, Chair (Job#JPF04556)",UC San Diego Agilent Center of Excellence in Cellular Intelligence,posted,2026-08-07T14:19:38.471032,441
3188b87336003ea9,https://bj.linkedin.com/jobs/view/d%C3%A9veloppeur-mobile-middle-at-open-si-4447335937,Développeur Mobile (Middle),OPEN SI,posted,2026-08-07T14:19:56.669050,443
7a4926d3109b1e38,https://bj.linkedin.com/jobs/view/psic%C3%B3logo-a-at-educo-b%C3%A9nin-4450332210,Psicólogo/a,,scraped,2026-08-07T14:20:01.190552,
235275eca201fc3d,https://bj.linkedin.com/jobs/view/worker-engagement-specialist-at-ecovadis-4448732114,Worker Engagement Specialist,,scraped,2026-08-07T14:20:09.064449,
d82f6641b8c92709,https://bj.linkedin.com/jobs/view/french-voice-actor-remote-at-crossing-hurdles-4439910519,French Voice Actor | Remote,Crossing Hurdles,posted,2026-08-07T14:20:21.347058,445
ad14cb82803ce3a8,https://bj.linkedin.com/jobs/view/assistant-e-commercial-e-btp-at-elelyon-benin-4448959463,Assistant(e) Commercial(e) BTP,,scraped,2026-08-07T14:20:25.767301,
3bd3741db15c10cc,https://bj.linkedin.com/jobs/view/french-voice-over-artist-remote-at-crossing-hurdles-4439912493,French Voice Over Artist | Remote,Crossing Hurdles,posted,2026-08-07T14:20:40.416329,447
cf217f507540ed6c,https://bj.linkedin.com/jobs/view/school-behavioral-technician-trainee-behavioral-health-at-bayada-home-health-care-4450094476,"School Behavioral Technician Trainee, Behavioral Health",BAYADA Home Health Care,posted,2026-08-07T14:20:49.458310,449
c1ac18aa2b8807e8,https://bj.linkedin.com/jobs/view/charg%C3%A9-e-commercial-e-at-juris-lab-4449496543,Chargé(e) commercial(e),Juris-Lab,posted,2026-08-07T14:20:57.387315,451
f1134aafd2acc360,https://bj.linkedin.com/jobs/view/clinical-nurse-hearts-at-home-at-st-vincent-s-health-australia-4448502097,Clinical Nurse Hearts at Home,,scraped,2026-08-07T14:20:59.837766,
773124d3b3a93cc5,https://bj.linkedin.com/jobs/view/direct-to-phase-ii-solution-to-reduce-towing-based-mishaps-during-flightline-operations-at-rallyprop-ai-4449309756,DIRECT TO PHASE II: Solution to Reduce Towing Based Mishaps During Flightline Operations,RallyProp.ai,posted,2026-08-07T14:21:14.374409,453
2f4ac674a740a9e1,https://bj.linkedin.com/jobs/view/semantically-aware-isr-at-rallyprop-ai-4449307830,Semantically-Aware ISR,RallyProp.ai,posted,2026-08-07T14:21:23.291543,455
d407169cd1ebe9f2,https://bj.linkedin.com/jobs/view/potential-application-of-very-large-array-vla-over-transmission-infrastructure-at-rallyprop-ai-4449100613,Potential Application of Very Large Array (VLA) over Transmission Infrastructure,RallyProp.ai,posted,2026-08-07T14:21:31.946983,457
1ef2f38fcc6109d0,https://bj.linkedin.com/jobs/view/direct-to-phase-ii-persistent-non-destructive-inspection-system-for-airfield-readiness-and-foreign-object-debris-mitigation-at-rallyprop-ai-4449326456,DIRECT TO PHASE II: Persistent Non-Destructive Inspection System for Airfield Readiness and Foreign Object Debris Mitigation,RallyProp.ai,posted,2026-08-07T14:21:40.680999,459
18d31c7836812100,https://bj.linkedin.com/jobs/view/novel-technologies-for-cwmd-and-related-threats-at-rallyprop-ai-4449319544,Novel Technologies for CWMD and Related Threats,RallyProp.ai,posted,2026-08-07T14:21:49.430674,461
b58958f4da477fa1,https://bj.linkedin.com/jobs/view/novel-technologies-for-cwmd-and-related-threats-at-rallyprop-ai-4449330281,Novel Technologies for CWMD and Related Threats,RallyProp.ai,scraped,2026-08-07T14:21:53.444236,
5a8435b49f8f6333,https://bj.linkedin.com/jobs/view/open-layered-yielding-modular-platform-for-unified-systems-at-rallyprop-ai-4449308824,"Open, Layered, Yielding Modular Platform for Unified Systems",RallyProp.ai,posted,2026-08-07T14:22:02.821493,463
245fc5a62206b1ca,https://bj.linkedin.com/jobs/view/replanning-for-evasive-autonomy-to-counter-threats-at-rallyprop-ai-4449101680,Replanning for Evasive Autonomy to Counter Threats,RallyProp.ai,posted,2026-08-07T14:22:11.917703,465
cf690ac13cd5dd44,https://bj.linkedin.com/jobs/view/advanced-stand-off-detection-of-concealed-materials-asdcm-at-rallyprop-ai-4448983951,Advanced Stand-Off Detection of Concealed Materials (ASDCM),RallyProp.ai,posted,2026-08-07T14:22:20.917838,467
6a2e693b13611de7,https://bj.linkedin.com/jobs/view/domestic-production-of-plant-based-carbon-fiber-precursors-in-support-of-hypersonic-applications-at-rallyprop-ai-4448991805,Domestic Production of Plant-based Carbon Fiber Precursors in Support of Hypersonic Applications,RallyProp.ai,posted,2026-08-07T14:22:30.109230,469
660dd51a96d6cce9,https://bj.linkedin.com/jobs/view/portable-digital-metrology-system-for-measurement-of-defects-on-optically-transparent-canopies-and-windscreens-at-rallyprop-ai-4449323471,Portable Digital Metrology System for Measurement of Defects on Optically Transparent Canopies and Windscreens,RallyProp.ai,posted,2026-08-07T14:22:40.882728,471
1f9f428792ca2130,https://bj.linkedin.com/jobs/view/dynamically-generated-articulated-3-dimensional-training-content-at-rallyprop-ai-4449315617,"Dynamically Generated, Articulated 3-Dimensional Training Content",RallyProp.ai,posted,2026-08-07T14:22:50.024549,473
b6b07f663661fa01,https://bj.linkedin.com/jobs/view/desktop-instrument-for-measuring-boresight-error-as-a-function-of-incident-angle-at-rallyprop-ai-4449324460,Desktop Instrument for Measuring Boresight Error as a Function of Incident Angle,RallyProp.ai,posted,2026-08-07T14:23:03.195470,475
94cca092175a4c04,https://bj.linkedin.com/jobs/view/direct-to-phase-ii-intelligent-data-analysis-of-post-mission-reporting-artifacts-data-at-rallyprop-ai-4449321530,DIRECT TO PHASE II: Intelligent Data Analysis of Post-Mission Reporting Artifacts & Data,RallyProp.ai,posted,2026-08-07T14:23:16.437074,477
8e1e09006273b1ee,https://bj.linkedin.com/jobs/view/lightweight-modular-fuel-cell-systems-for-unmanned-aircraft-systems-at-rallyprop-ai-4449322504,"Lightweight, Modular Fuel Cell Systems for Unmanned Aircraft Systems",RallyProp.ai,posted,2026-08-07T14:23:25.730863,479
1af7eb2ca753f640,https://bj.linkedin.com/jobs/view/artificial-intelligence-machine-learning-ai-ml-based-radar-data-compression-at-rallyprop-ai-4449318573,Artificial Intelligence / Machine Learning (AI/ML)-Based Radar Data Compression,RallyProp.ai,posted,2026-08-07T14:23:34.681779,481
d2606283fdb454e3,https://bj.linkedin.com/jobs/view/open-architecture-platform-for-underwater-vehicles-for-rapid-adaptation-collaborative-sensing-navigation-and-autonomy-at-rallyprop-ai-4449314588,"Open Architecture Platform for Underwater Vehicles for Rapid Adaptation, Collaborative Sensing, Navigation, and Autonomy",RallyProp.ai,posted,2026-08-07T14:23:43.688746,483
1216d49d4221c3e3,https://bj.linkedin.com/jobs/view/sensing-algorithms-for-bandwidth-efficient-edge-radars-saber-at-rallyprop-ai-4449321539,Sensing Algorithms for Bandwidth Efficient Edge Radars (SABER),RallyProp.ai,posted,2026-08-07T14:23:52.550251,485
fd8bf18d85f46bdf,https://bj.linkedin.com/jobs/view/high-speed-photon-number-resolution-quanta-imaging-sensor-array-at-rallyprop-ai-4448989805,High-speed Photon-Number-Resolution Quanta Imaging Sensor Array,RallyProp.ai,posted,2026-08-07T14:23:57.486701,407
378ed5671a597fd9,https://bj.linkedin.com/jobs/view/tech-data-interactive-electronic-technical-manuals-convertor-at-rallyprop-ai-4449306845,Tech Data Interactive Electronic Technical Manuals Convertor,RallyProp.ai,posted,2026-08-07T14:24:08.362593,487
916455c79f044659,https://bj.linkedin.com/jobs/view/novel-ignition-systems-for-multi-pulse-solid-propellant-rocket-motors-at-rallyprop-ai-4448986821,Novel Ignition Systems for multi-pulse Solid Propellant Rocket Motors,RallyProp.ai,posted,2026-08-07T14:24:17.285898,489
648dc30903e1223e,https://bj.linkedin.com/jobs/view/direct-to-phase-ii-cross-domain-interface-for-trusted-access-data-exchange-logic-at-rallyprop-ai-4449313650,DIRECT TO PHASE II: Cross-domain Interface for Trusted Access & Data Exchange Logic,RallyProp.ai,posted,2026-08-07T14:24:26.203164,491
19b637a67b4a4bde,https://bj.linkedin.com/jobs/view/scalable-platform-for-enterprise-engineering-and-deployment-towards-mathematics-for-the-discovery-of-algorithms-and-architectures-speed-dial-at-rallyprop-ai-4449307832,Scalable Platform for Enterprise Engineering and Deployment towards Mathematics for the Discovery of Algorithms and Architectures (SPEED DIAL),RallyProp.ai,posted,2026-08-07T14:24:34.839944,493
441e639fd659e491,https://bj.linkedin.com/jobs/view/power-the-space-high-voltage-radiation-hardened-power-switches-for-space-power-and-propulsion-at-rallyprop-ai-4449328424,Power the space: high-voltage radiation hardened power switches for space power and propulsion,RallyProp.ai,posted,2026-08-07T14:24:43.356523,495
67d982d3ad718fee,https://bj.linkedin.com/jobs/view/talents-%C3%A9mergents-at-seed-of-languages-and-leadership-academy-benin-sla-benin-4447874984,Talents Émergents,,scraped,2026-08-07T14:24:45.992466,
ef37060d9c085fe7,https://bj.linkedin.com/jobs/view/ath-acteur-tourisme-h%C3%B4tellerie-at-seed-of-languages-and-leadership-academy-benin-sla-benin-4447892644,ATH (Acteur Tourisme Hôtellerie),,scraped,2026-08-07T14:24:53.704652,
064b9759ba7d6309,https://bj.linkedin.com/jobs/view/direct-to-phase-ii-development-of-customized-aerospace-lightweight-high-power-high-frequency-bandwidth-nanocrystalline-emi-filters-at-rallyprop-ai-4449316638,"DIRECT TO PHASE II: Development of Customized Aerospace Lightweight, High Power, High Frequency Bandwidth, Nanocrystalline EMI Filters",RallyProp.ai,posted,2026-08-07T14:25:08.036612,497
b700cea6fbf5dadd,https://bj.linkedin.com/jobs/view/wise-anglais-pour-femmes-en-fonction-at-seed-of-languages-and-leadership-academy-benin-sla-benin-4447897065,WISE (Anglais pour Femmes en Fonction),,scraped,2026-08-07T14:25:10.676071,
01054742921dba39,https://bj.linkedin.com/jobs/view/expert-cybers%C3%A9curit%C3%A9-at-emini-labs-4449051770,Expert Cybersécurité,,scraped,2026-08-07T14:25:18.424862,
5f46527999c52b81,https://bj.linkedin.com/jobs/view/responsable-de-caisse-finance-at-maasil-inc-tops-profils-temps-plein-de-madagascar-maurice-b%C3%A9nin-4449125406,Responsable de caisse (finance),,scraped,2026-08-07T14:25:26.077185,
af96914b130aa9aa,https://bj.linkedin.com/jobs/view/high-performance-electrolytic-coating-touch-up-repairs-for-aluminum-at-rallyprop-ai-4449312631,High Performance Electrolytic Coating Touch-Up Repairs for Aluminum,RallyProp.ai,posted,2026-08-07T14:25:39.070117,499
c573228ece563dde,https://bj.linkedin.com/jobs/view/d%C3%A9veloppeur-mobile-at-emini-labs-4449054474,Développeur Mobile,,scraped,2026-08-07T14:25:41.723659,
0394b8827e17ce1f,https://bj.linkedin.com/jobs/view/co-packaging-digital-readout-integrated-circuits-and-photonics-for-advanced-infrared-imaging-at-rallyprop-ai-4449328435,Co-packaging Digital Readout Integrated Circuits and Photonics for Advanced Infrared Imaging,RallyProp.ai,posted,2026-08-07T14:25:55.792126,501
d413b4c8d64d309d,https://bj.linkedin.com/jobs/view/support-technique-e-commerce-at-maasil-inc-tops-profils-temps-plein-de-madagascar-maurice-b%C3%A9nin-4449189924,Support technique e-commerce,,scraped,2026-08-07T14:25:58.402953,
8a21996d5dc4840f,https://bj.linkedin.com/jobs/view/auditor-performance-at-council-of-the-inspectors-general-on-integrity-and-efficiency-4451040864,Auditor (Performance),Council of the Inspectors General on Integrity and Efficiency,posted,2026-08-09T13:56:28.518164,503
ef286aedabf753d5,https://bj.linkedin.com/jobs/view/criminal-investigator-at-council-of-the-inspectors-general-on-integrity-and-efficiency-4451048571,Criminal Investigator,Council of the Inspectors General on Integrity and Efficiency,posted,2026-08-09T13:56:36.872504,505
ebb63f23c7e246af,https://bj.linkedin.com/jobs/view/community-manager-at-paienova-4451341480,Community Manager,,scraped,2026-08-09T13:56:47.366022,
297e12dc9da6e6f4,https://bj.linkedin.com/jobs/view/b-ed-basic-education-at-department-of-data-science-and-economic-policy-4450942129,B.Ed. Basic Education,Department of Data Science and Economic Policy,posted,2026-08-09T13:57:18.587905,507
babea0c1a5e7dd3f,https://bj.linkedin.com/jobs/view/compliance-engineer-ohada-at-paienova-4451338516,Compliance Engineer OHADA,,scraped,2026-08-09T13:57:23.214295,
78985330490de8a8,https://bj.linkedin.com/jobs/view/head-of-sales-collections-at-african-power-platform-4450726383,Head of Sales & Collections,,scraped,2026-08-09T13:57:36.005363,
6643556b2ffb2174,https://bj.linkedin.com/jobs/view/directeur-directrice-de-semences-h-f-at-confidential-careers-4448797514,Directeur / Directrice de Semences (H/F),,scraped,2026-08-09T13:57:43.122117,
eac3a41f37ecac15,https://bj.linkedin.com/jobs/view/senior-finance-officer-at-fhi-360-4450772454,Senior Finance Officer,FHI 360,posted,2026-08-09T13:57:56.041011,509
f9ec9ad2eeae1019,https://bj.linkedin.com/jobs/view/program-associate-beninese-nationals-only-at-center-for-civilians-in-conflict-4450763302,Program Associate [BENINESE NATIONALS ONLY],Center for Civilians in Conflict,posted,2026-08-09T13:58:15.271589,511
1b7b75c2c9f3b388,https://bj.linkedin.com/jobs/view/assistant-e-d%C3%A9veloppement-commercial-op%C3%A9rations-at-elelyon-benin-4448959463,Assistant(e) Développement Commercial & Opérations,,scraped,2026-08-09T13:58:21.619400,
8a3de2db86aea688,https://bj.linkedin.com/jobs/view/freelance-transcriptionist-%E2%80%94-akan-at-perle-4450579538,Freelance Transcriptionist — Akan,Perle,posted,2026-08-09T13:58:35.240802,513
9956de704b037e5d,https://bj.linkedin.com/jobs/view/designer-d%E2%80%99exp%C3%A9rience-utilisateur-at-locapay-4451324462,Designer d’expérience utilisateur,Locapay,posted,2026-08-09T13:58:46.754054,515
977930869e0d48f7,https://bj.linkedin.com/jobs/view/lead-technique-php-expert-qualit%C3%A9-at-maasil-inc-tops-profils-temps-plein-de-madagascar-maurice-b%C3%A9nin-4449110609,Lead Technique PHP / Expert Qualité,,scraped,2026-08-09T13:58:51.378683,
a0f45cc09055eb73,https://bj.linkedin.com/jobs/view/medecin-du-travail-at-epsm-de-l-agglom%C3%A9ration-lilloise-ght-psy-npdc-4447357976,MEDECIN DU TRAVAIL,,scraped,2026-08-09T13:58:57.960246,
74afc54f4068c7a6,https://bj.linkedin.com/jobs/view/psicopedagoga-o-at-educo-b%C3%A9nin-4450325536,Psicopedagoga/o,,scraped,2026-08-09T13:59:09.920762,
d01a73039b604887,https://bj.linkedin.com/jobs/view/stagiaire-d%C3%A9veloppeur-at-emini-labs-4449476251,Stagiaire Développeur,,scraped,2026-08-09T13:59:17.648796,
eafad4ccfcd91632,https://bj.linkedin.com/jobs/view/consultant-e-formateur-trice-en-engagement-communautaire-et-protection-des-civils-pdc-beninese-nationals-only-at-center-for-civilians-in-conflict-4450697610,Consultant(e) Formateur(trice) en Engagement Communautaire et Protection des Civils (PdC) [BENINESE NATIONALS ONLY],Center for Civilians in Conflict,posted,2026-08-09T13:59:33.100005,517
37215c6617eb5137,https://bj.linkedin.com/jobs/view/phd-fellowships-in-cardiac-patho-physiology-at-the-department-of-biomedical-sciences-at-department-of-pharmacy-university-of-copenhagen-4449008390,PhD fellowships in Cardiac (patho-)Physiology at the Department of Biomedical Sciences,,scraped,2026-08-09T13:59:37.675160,
b7b70404d7e7dba1,https://bj.linkedin.com/jobs/view/design-graphique-et-mise-en-page-de-deux-rapports-at-vnu-s%C3%A9n%C3%A9gal-gambie-4450941650,Design graphique et mise en page de deux rapports,VNU Sénégal/Gambie,posted,2026-08-09T13:59:54.830755,519
2f0ae25ad262faf5,https://bj.linkedin.com/jobs/view/conducteur-de-v%C3%A9hicules-administratifs-at-technoserve-4448415331,Conducteur de Véhicules Administratifs,TechnoServe,posted,2026-08-11T14:24:24.685821,521
6a6dc00c269c1a7c,https://bj.linkedin.com/jobs/view/account-manager-personal-lines-at-twg-insurance-4450931492,Account Manager - Personal Lines,TWG Insurance,posted,2026-08-11T14:24:34.419531,523
94ced19a590877d4,https://bj.linkedin.com/jobs/view/sunu-assurances-vie-b%C3%A9nin-recrute-des-conseillers-en-assurances-f-h-at-sunu-assurances-b%C3%A9nin-4450745207,SUNU Assurances Vie Bénin recrute des Conseillers en Assurances (F/H),SUNU Assurances Bénin,posted,2026-08-11T14:24:51.714636,525
fe85c41d3cbf4b9a,https://bj.linkedin.com/jobs/view/assistant-de-service-social-h-f-at-%C3%A9cole-pratique-de-service-social-epss-4450060607,Assistant de Service Social (H/F),,scraped,2026-08-11T14:25:00.393922,
7434129a0b2b9be9,https://bj.linkedin.com/jobs/view/sonixplorations-at-first-thursdays-south-africa-4449669165,SoniXplorations,First Thursdays South Africa,posted,2026-08-11T14:25:21.949645,527
a35d07615b6cf62d,https://bj.linkedin.com/jobs/view/volunteer-facilitator-mission-trip-at-linda-dominguez-foundation-4450713681,Volunteer Facilitator - Mission Trip,Linda Dominguez Foundation,posted,2026-08-11T14:25:42.090968,529
87ac1ab376dd8fb5,https://bj.linkedin.com/jobs/view/student-intern-administrative-at-u-s-department-of-health-and-human-services-at-uci-oc-alliance-4451644265,Student Intern (Administrative) at U.S. Department of Health and Human Services,UCI-OC Alliance,posted,2026-08-11T14:25:51.130902,531
28b7b29670eaca63,https://bj.linkedin.com/jobs/view/auditor-financial-at-council-of-the-inspectors-general-on-integrity-and-efficiency-4451439007,Auditor (Financial),Council of the Inspectors General on Integrity and Efficiency,posted,2026-08-11T14:26:00.170757,533
510de08330d17594,https://bj.linkedin.com/jobs/view/it-specialist-datamgt-at-council-of-the-inspectors-general-on-integrity-and-efficiency-4451039860,IT Specialist (DATAMGT),Council of the Inspectors General on Integrity and Efficiency,posted,2026-08-11T14:26:09.085159,535
b0486ec96aa3a13b,https://bj.linkedin.com/jobs/view/it-specialist-datamgt-at-council-of-the-inspectors-general-on-integrity-and-efficiency-4451050577,IT Specialist (DATAMGT),Council of the Inspectors General on Integrity and Efficiency,scraped,2026-08-11T14:26:13.145704,
ca24fb94ba659a6e,https://bj.linkedin.com/jobs/view/attorney-advisor-general-at-council-of-the-inspectors-general-on-integrity-and-efficiency-4451419950,Attorney-Advisor (General),Council of the Inspectors General on Integrity and Efficiency,posted,2026-08-11T14:26:21.752635,537
b176ad6e4198adaa,https://bj.linkedin.com/jobs/view/dinamizador-a-de-participaci%C3%B3n-juvenil-at-educo-b%C3%A9nin-4451156890,Dinamizador/a de participación juvenil,,scraped,2026-08-11T14:26:24.395599,
542a7a3044f8402d,https://bj.linkedin.com/jobs/view/auditor-performance-at-council-of-the-inspectors-general-on-integrity-and-efficiency-4451056133,Auditor (Performance),Council of the Inspectors General on Integrity and Efficiency,posted,2026-08-11T14:26:34.594095,503
cd60bb3a93594699,https://bj.linkedin.com/jobs/view/auditor-performance-at-council-of-the-inspectors-general-on-integrity-and-efficiency-4451049571,Auditor (Performance),Council of the Inspectors General on Integrity and Efficiency,scraped,2026-08-11T14:26:38.666205,
683812841851fb65,https://bj.linkedin.com/jobs/view/criminal-investigator-at-council-of-the-inspectors-general-on-integrity-and-efficiency-4451053410,Criminal Investigator,Council of the Inspectors General on Integrity and Efficiency,posted,2026-08-11T14:26:43.345824,505
50fe49ca5ffe6e4b,https://bj.linkedin.com/jobs/view/criminal-investigator-at-council-of-the-inspectors-general-on-integrity-and-efficiency-4451055117,Criminal Investigator,Council of the Inspectors General on Integrity and Efficiency,scraped,2026-08-11T14:26:47.334948,
500d0a85bc8d74d1,https://bj.linkedin.com/jobs/view/driver-at-visco-group-of-companies-limited-4453145427,Driver,Visco Group of Companies Limited,posted,2026-08-13T14:33:16.347551,539
e14fc77fb09b1441,https://bj.linkedin.com/jobs/view/technician-i-at-city-of-hyattsville-maryland-4453369319,Technician I,"City of Hyattsville, Maryland",posted,2026-08-13T14:33:25.972676,541
71a032fe3a920460,https://www.linkedin.com/jobs/view/account-manager-commercial-lines-at-twg-insurance-4450931492,Account Manager - Commercial Lines,TWG Insurance,posted,2026-08-13T14:33:40.648372,543
7494690c7f8cf1f6,https://bj.linkedin.com/jobs/view/dpw-deputy-director-%E2%80%93-infrastructure-and-projects-at-city-of-hyattsville-maryland-4453373221,DPW Deputy Director – Infrastructure and Projects,"City of Hyattsville, Maryland",posted,2026-08-13T14:33:50.079721,545
32e4074b0da9e968,https://bj.linkedin.com/jobs/view/responsable-tutelle-op%C3%A9rationnelle-achats-planning-at-maasil-inc-tops-profils-temps-plein-de-madagascar-maurice-b%C3%A9nin-4448454854,Responsable Tutelle Opérationnelle (Achats & Planning),,scraped,2026-08-13T14:33:54.744854,
4cb365ae729a94c4,https://bj.linkedin.com/jobs/view/call-for-expression-of-interest-eoi-taat-program-management-unit-pmu-at-international-institute-of-tropical-agriculture-iita-4451513156,Call for Expression of Interest (EOI) - TAAT PROGRAM MANAGEMENT UNIT (PMU),,scraped,2026-08-13T14:34:01.646691,
8d2e55d2d19a0fbc,https://bj.linkedin.com/jobs/view/call-for-expression-of-interest-eoi-taat-program-management-unit-pmu-at-iita-cassavabreeding-4451199942,Call for Expression of Interest (EOI) - TAAT PROGRAM MANAGEMENT UNIT (PMU),IITA-CASSAVABREEDING,posted,2026-08-13T14:34:21.594108,547
59912a7fe72840b7,https://bj.linkedin.com/jobs/view/responsable-marketing-m%C3%A9dias-sociaux-at-sefode-africa-4451060762,Responsable marketing médias sociaux,SEFODE AFRICA,posted,2026-08-13T14:34:31.235209,549
2f1b620c05a6ec5d,https://bj.linkedin.com/jobs/view/consultant-national-pour-la-r%C3%A9alisation-d%E2%80%99une-recherche-op%C3%A9rationnelle-weziza-educ-benin-req%23594592-at-unicef-4453372874,"Consultant National pour la réalisation d’une recherche opérationnelle (WEZIZA-EDUC), Benin, Req#594592",UNICEF,posted,2026-08-13T14:34:46.538090,551
68320fa9f2048a69,https://bj.linkedin.com/jobs/view/coordonateur-coordonatrice-at-jj-telecom-4453559328,COORDONATEUR / COORDONATRICE,,scraped,2026-08-15T13:39:03.220310,
3280b27fd5d37974,https://bj.linkedin.com/jobs/view/network-support-engineer-benin-republic-at-brilliant-computers-citadel-and-information-technology-4451419497,Network Support Engineer (Benin Republic),,scraped,2026-08-15T13:39:14.162779,
dfea8d784e1eb5c1,https://bj.linkedin.com/jobs/view/conseiller-fibre-optique-b2b-at-goodwork-telecom-4453085035,Conseiller Fibre Optique B2B,Goodwork Telecom,posted,2026-08-15T13:39:32.813013,553
ad24f2fc6f458e88,https://bj.linkedin.com/jobs/view/rejoignez-l-%C3%A9lite-du-support-client-bilingue-fran%C3%A7ais-anglais-%E2%80%93-100-%25-t%C3%A9l%C3%A9travail-%21-at-talentpop-app-4453279064,Rejoignez l'élite du support client bilingue (Français/Anglais) – 100 % Télétravail !,TalentPop App,posted,2026-08-15T13:39:41.810700,555
7b21e46bfa524a66,https://bj.linkedin.com/jobs/view/responsable-d%C3%A9veloppement-commercial-at-code-lab-4453152184,Responsable développement commercial,,scraped,2026-08-15T13:39:44.411765,
fa024248d59e0d4d,https://bj.linkedin.com/jobs/view/phd-fellowships-in-chemical-biology-at-the-department-of-drug-design-and-pharmacology-at-department-of-pharmacy-university-of-copenhagen-4452486974,PhD fellowships in Chemical Biology at the Department of Drug Design and Pharmacology,,scraped,2026-08-15T13:39:50.722854,
1bb2cea28ce846ed,https://bj.linkedin.com/jobs/view/relecture-de-deux-rapports-at-vnu-s%C3%A9n%C3%A9gal-gambie-4453911093,Relecture de deux rapports,VNU Sénégal/Gambie,posted,2026-08-15T13:40:10.873780,557
e595ffded08b077e,https://bj.linkedin.com/jobs/view/laborantpraktikant-at-department-of-pharmacy-university-of-copenhagen-4453156290,Laborantpraktikant,,scraped,2026-08-15T13:40:13.374844,
e9b87a93a4fd641e,https://bj.linkedin.com/jobs/view/journee-portes-ouvertes-conseiller-client-cotonou-fran%C3%A7ais-at-concentrix-4449860606,JOURNEE PORTES OUVERTES Conseiller Client -Cotonou -Français,Concentrix,posted,2026-08-15T13:40:28.765149,559
01477d35cef415c0,https://bj.linkedin.com/jobs/view/technicien-informatique-f-h-%E2%80%93-cotonou-fran%C3%A7ais-at-concentrix-4440174285,Technicien Informatique (F/H) – Cotonou - Français,Concentrix,posted,2026-08-15T13:40:37.625284,561
5785bf16a33c5713,https://bj.linkedin.com/jobs/view/remote-french-bilingual-customer-support-representative-at-talentpop-app-4453270120,Remote French Bilingual Customer Support Representative,TalentPop App,posted,2026-08-15T13:40:42.291595,107
08aa3c3b7dc837be,https://bj.linkedin.com/jobs/view/francophone-customer-support-representative-%E2%80%93-remote-at-talentpop-app-4453271096,Francophone Customer Support Representative – Remote,TalentPop App,posted,2026-08-15T13:40:47.197819,33
7dd300b777149682,https://bj.linkedin.com/jobs/view/consultants-4452202497,Consultants,STRATÉGIA CONSULTING INTER,posted,2026-08-17T13:50:39.755011,563
67634bc0748e3a57,https://bj.linkedin.com/jobs/view/ports-and-shipping-specialist-at-ntu-international-a-s-4455269866,Ports and Shipping Specialist,,scraped,2026-08-17T13:50:46.227030,
ec666f740ee6ff62,https://bj.linkedin.com/jobs/view/t%C3%A9l%C3%A9vendeur-t%C3%A9l%C3%A9vendeuse-at-vipp-4452249612,Télévendeur / Télévendeuse,,scraped,2026-08-17T13:50:57.314081,
5acb09511a36f565,https://bj.linkedin.com/jobs/view/icitap-counterterrorism-law-enforcement-investigations-mentor-benin-at-amentum-4444981250,ICITAP Counterterrorism Law Enforcement Investigations Mentor - Benin,Amentum,posted,2026-08-17T13:51:10.109692,565
d7136537306fae66,https://bj.linkedin.com/jobs/view/commercial-at-mose-rai-gc-4455291067,Commercial,,scraped,2026-08-17T13:51:14.730513,
3918d07092f1a273,https://bj.linkedin.com/jobs/view/volunteer-in-yogic-community-at-goodwork-ca-4454220666,Volunteer in Yogic Community,,scraped,2026-08-17T13:51:27.354462,
335259c0a7e0d188,https://bj.linkedin.com/jobs/view/responsable-des-%C3%A9tudes-at-shalom-empire-groupe-4453425650,Responsable des études,Shalom Empire Groupe,posted,2026-08-19T13:54:29.399661,567
c6bf0f280dc886b1,https://bj.linkedin.com/jobs/view/conseiller-commercial-en-assurance-at-sunu-assurances-b%C3%A9nin-4455351160,Conseiller commercial en assurance,,scraped,2026-08-19T13:54:31.993230,
b85aeff48777e780,https://bj.linkedin.com/jobs/view/responsable-d-agence-cotonou-b%C3%A9nin-at-lapaire-4455731840,"Responsable d'Agence - Cotonou, Bénin",,scraped,2026-08-19T13:54:38.704758,
f519bf6b81bc366b,https://bj.linkedin.com/jobs/view/apporteur-d-affaires-en-assurance-at-sunu-assurances-b%C3%A9nin-4454895613,APPORTEUR D'AFFAIRES EN ASSURANCE,,scraped,2026-08-19T13:54:47.604346,
05168ddc29e870de,https://bj.linkedin.com/jobs/view/d%C3%A9veloppeur-applications-at-emini-labs-4455155156,Développeur applications,,scraped,2026-08-19T13:54:54.423326,
bb52e95cb388f9b6,https://bj.linkedin.com/jobs/view/monteur-vid%C3%A9o-at-monniz-4452280076,MONTEUR VIDÉO,,scraped,2026-08-19T13:55:02.458801,
45fec5bf559624f7,https://bj.linkedin.com/jobs/view/charg%C3%A9-de-la-conformit%C3%A9-r%C3%A8glementaire-h-f-at-ecobank-transnational-incorporated-4454789779,Chargé de la Conformité règlementaire (H/F),,scraped,2026-08-19T13:55:09.312049,
94797295f8ec0b28,https://bj.linkedin.com/jobs/view/s%C3%A9cretaire-m%C3%A9dical-4455215085,Sécretaire médical,Les Laboratoires BIOPHARMED DIAGNOSTIC,posted,2026-08-19T13:55:23.940581,569
f0346b435550de0b,https://bj.linkedin.com/jobs/view/assistante-bilingue-fran%C3%A7ais-anglais-at-xcustomer-4455993185,ASSISTANTE BILINGUE FRANÇAIS - ANGLAIS,,scraped,2026-08-19T13:55:26.572385,
301f2dcafd49fa6c,https://bj.linkedin.com/jobs/view/artisan-foreman-grade-a-electrical-electronician-%E2%80%93-department-of-defence-department-of-defence-%E2%80%93-graduates-24-co-za-at-graduates-24-co-za-4455583493,Artisan Foreman Grade A Electrical: Electronician – Department Of Defence : Department Of Defence – Graduates-24.co.za,Graduates-24.co.za,posted,2026-08-19T13:55:40.971705,571
8dca1b4545f5e4d1,https://bj.linkedin.com/jobs/view/couturier-de-patchwork-4455360379,Couturier de patchwork,Yas’s Clothes Design,posted,2026-08-19T13:55:50.420846,573
80edce06a0cd0bf6,https://bj.linkedin.com/jobs/view/icitap-counterterrorism-law-enforcement-intelligence-operations-mentor-benin-at-amentum-4444969536,ICITAP Counterterrorism Law Enforcement Intelligence Operations Mentor - Benin,Amentum,posted,2026-08-19T13:55:59.768645,575
28c4297d1a3e6ca4,https://bj.linkedin.com/jobs/view/social-media-content-coordinator-4454053857,Social Media & Content Coordinator,Kuzamind,posted,2026-08-19T13:56:07.426379,577
9daa819e17d08119,https://bj.linkedin.com/jobs/view/freelance-at-firstsource-4452986837,Freelance,,scraped,2026-08-19T13:56:10.096354,
